ID,TYPE,subset,label
ID,TYPE,AI oboInOwl:inSubset,
COHO:0000002,owl:NamedIndividual,http://www.ebi.ac.uk/coho#EGA_subset,1000 Genomes
COHO:0000005,owl:NamedIndividual,http://www.ebi.ac.uk/coho#EGA_subset,Advanced Study of Aortic Pathology
COHO:0000006,owl:NamedIndividual,http://www.ebi.ac.uk/coho#EGA_subset,Africa Wits-INDEPTH partnership for Genomics studies
COHO:0000007,owl:NamedIndividual,http://www.ebi.ac.uk/coho#EGA_subset,Arthritis Research UK Osteoarthritis Genetics
COHO:0000010,owl:NamedIndividual,http://www.ebi.ac.uk/coho#EGA_subset,AtheroExpress
COHO:0000011,owl:NamedIndividual,http://www.ebi.ac.uk/coho#EGA_subset,Atherosclerosis Risk in Communities Study
COHO:0000014,owl:NamedIndividual,http://www.ebi.ac.uk/coho#EGA_subset,Australian Ovarian Cancer Study
COHO:0000016,owl:NamedIndividual,http://www.ebi.ac.uk/coho#EGA_subset,Avon Longitudinal Study of Parents and Children
COHO:0000017,owl:NamedIndividual,http://www.ebi.ac.uk/coho#EGA_subset,Berlin_Frankfurt_Munster trials
COHO:0000018,owl:NamedIndividual,http://www.ebi.ac.uk/coho#EGA_subset,Bladder Cancer Prognosis Programme
COHO:0000019,owl:NamedIndividual,http://www.ebi.ac.uk/coho#EGA_subset,Brazilian Cohort
COHO:0000020,owl:NamedIndividual,http://www.ebi.ac.uk/coho#EGA_subset,Breast Cancer Association Consortium
COHO:0000021,owl:NamedIndividual,http://www.ebi.ac.uk/coho#EGA_subset,Bruneck study
COHO:0000022,owl:NamedIndividual,http://www.ebi.ac.uk/coho#EGA_subset,Cancer and Leukemia Group B
COHO:0000023,owl:NamedIndividual,http://www.ebi.ac.uk/coho#EGA_subset,Cancer Genome Atlas
COHO:0000028,owl:NamedIndividual,http://www.ebi.ac.uk/coho#EGA_subset,Cardiogenics Study
COHO:0000031,owl:NamedIndividual,http://www.ebi.ac.uk/coho#EGA_subset,"CARTaGENE cohort (CHU Sainte-Justine, Quebec, Canada)"
COHO:0000037,owl:NamedIndividual,http://www.ebi.ac.uk/coho#EGA_subset,"Children, Allergy, Milieu, Stockholm, Epidemiology"
COHO:0000039,owl:NamedIndividual,http://www.ebi.ac.uk/coho#EGA_subset,Cilento study
COHO:0000040,owl:NamedIndividual,http://www.ebi.ac.uk/coho#EGA_subset,COIN
COHO:0000041,owl:NamedIndividual,http://www.ebi.ac.uk/coho#EGA_subset,COIN-B
COHO:0000044,owl:NamedIndividual,http://www.ebi.ac.uk/coho#EGA_subset,Consortium of Minority Population Genome-Wide Association Studies of Stroke
COHO:0000045,owl:NamedIndividual,http://www.ebi.ac.uk/coho#EGA_subset,Cooperative Health Research in the Region of Augsburg
COHO:0000047,owl:NamedIndividual,http://www.ebi.ac.uk/coho#EGA_subset,CROATIA-Korcula Study
COHO:0000051,owl:NamedIndividual,http://www.ebi.ac.uk/coho#EGA_subset,Diabetes Prevention Program
COHO:0000056,owl:NamedIndividual,http://www.ebi.ac.uk/coho#EGA_subset,DUNDEE
COHO:0000057,owl:NamedIndividual,http://www.ebi.ac.uk/coho#EGA_subset,Durban Diabetes Study
COHO:0000058,owl:NamedIndividual,http://www.ebi.ac.uk/coho#EGA_subset,Dutch and Belgian Lung Cancer Screening Trial
COHO:0000059,owl:NamedIndividual,http://www.ebi.ac.uk/coho#EGA_subset,Dutch Microbiome Project
COHO:0000060,owl:NamedIndividual,http://www.ebi.ac.uk/coho#EGA_subset,Edinburgh Stroke Study
COHO:0000062,owl:NamedIndividual,http://www.ebi.ac.uk/coho#EGA_subset,EPIGEN
COHO:0000063,owl:NamedIndividual,http://www.ebi.ac.uk/coho#EGA_subset,Erasmus Rucphen Family Study
COHO:0000064,owl:NamedIndividual,http://www.ebi.ac.uk/coho#EGA_subset,Estonian Biobank
COHO:0000065,owl:NamedIndividual,http://www.ebi.ac.uk/coho#EGA_subset,European Prospective Investigation into Cancer
COHO:0000066,owl:NamedIndividual,http://www.ebi.ac.uk/coho#EGA_subset,European Prospective Investigation of Cancer-Norfolk
COHO:0000067,owl:NamedIndividual,http://www.ebi.ac.uk/coho#EGA_subset,EuroTARGET project
COHO:0000068,owl:NamedIndividual,http://www.ebi.ac.uk/coho#EGA_subset,Extremely Low Gestational Age Newborns
COHO:0000071,owl:NamedIndividual,http://www.ebi.ac.uk/coho#EGA_subset,FINRISK
COHO:0000072,owl:NamedIndividual,http://www.ebi.ac.uk/coho#EGA_subset,Flemish Gut Flora Project
COHO:0000073,owl:NamedIndividual,http://www.ebi.ac.uk/coho#EGA_subset,Gabriel Advanced Survey
COHO:0000074,owl:NamedIndividual,http://www.ebi.ac.uk/coho#EGA_subset,GCAT. Genomes For Life.
COHO:0000076,owl:NamedIndividual,http://www.ebi.ac.uk/coho#EGA_subset,Genetic Analysis of Multiple Sclerosis
COHO:0000077,owl:NamedIndividual,http://www.ebi.ac.uk/coho#EGA_subset,Genetic Consortium for Anorexia Nervosa
COHO:0000079,owl:NamedIndividual,http://www.ebi.ac.uk/coho#EGA_subset,Genetic Overlap between Metabolic and Psychiatric traits
COHO:0000081,owl:NamedIndividual,http://www.ebi.ac.uk/coho#EGA_subset,Genetic Research in Isolated
COHO:0000082,owl:NamedIndividual,http://www.ebi.ac.uk/coho#EGA_subset,Genetics of diabetes Audit and Research
COHO:0000084,owl:NamedIndividual,http://www.ebi.ac.uk/coho#EGA_subset,GenomeAsia 100K project
COHO:0000085,owl:NamedIndividual,http://www.ebi.ac.uk/coho#EGA_subset,German Multiple Myeloma Study Group
COHO:0000088,owl:NamedIndividual,http://www.ebi.ac.uk/coho#EGA_subset,Greece Hellenic Isolated Cohorts
COHO:0000090,owl:NamedIndividual,http://www.ebi.ac.uk/coho#EGA_subset,Health2000 Study
COHO:0000091,owl:NamedIndividual,http://www.ebi.ac.uk/coho#EGA_subset,Heart Protection Study
COHO:0000092,owl:NamedIndividual,http://www.ebi.ac.uk/coho#EGA_subset,Hoorn Diabetes Care System
COHO:0000093,owl:NamedIndividual,http://www.ebi.ac.uk/coho#EGA_subset,Hospital Discharge Register Sweden
COHO:0000100,owl:NamedIndividual,http://www.ebi.ac.uk/coho#EGA_subset,INfancia y Medio Ambiente Project
COHO:0000101,owl:NamedIndividual,http://www.ebi.ac.uk/coho#EGA_subset,International Cancer Genome Consortium-Chronic Lymphocytic Leukemia
COHO:0000102,owl:NamedIndividual,http://www.ebi.ac.uk/coho#EGA_subset,International Headache Genetics Consortium
COHO:0000103,owl:NamedIndividual,http://www.ebi.ac.uk/coho#EGA_subset,International Multiple Sclerosis Genetics Consortium
COHO:0000104,owl:NamedIndividual,http://www.ebi.ac.uk/coho#EGA_subset,International Schizophrenia Consortium
COHO:0000105,owl:NamedIndividual,http://www.ebi.ac.uk/coho#EGA_subset,Italian Network on Genetic Isolates Studies
COHO:0000106,owl:NamedIndividual,http://www.ebi.ac.uk/coho#EGA_subset,Leeds Melanoma Cohort
COHO:0000107,owl:NamedIndividual,http://www.ebi.ac.uk/coho#EGA_subset,Leiden Longevity Study
COHO:0000108,owl:NamedIndividual,http://www.ebi.ac.uk/coho#EGA_subset,LifeLines
COHO:0000109,owl:NamedIndividual,http://www.ebi.ac.uk/coho#EGA_subset,Living Biobank
COHO:0000111,owl:NamedIndividual,http://www.ebi.ac.uk/coho#EGA_subset,Lothian Birth Cohort
COHO:0000112,owl:NamedIndividual,http://www.ebi.ac.uk/coho#EGA_subset,Lund Stroke Register
COHO:0000113,owl:NamedIndividual,http://www.ebi.ac.uk/coho#EGA_subset,Marseille Thrombosis Association Study
COHO:0000114,owl:NamedIndividual,http://www.ebi.ac.uk/coho#EGA_subset,Mexican Biobank
COHO:0000123,owl:NamedIndividual,http://www.ebi.ac.uk/coho#EGA_subset,National Health Service Blood and Transplant
COHO:0000124,owl:NamedIndividual,http://www.ebi.ac.uk/coho#EGA_subset,National Study of Colorectal Cancer Genetics
COHO:0000125,owl:NamedIndividual,http://www.ebi.ac.uk/coho#EGA_subset,Netherlands Twin Registry
COHO:0000129,owl:NamedIndividual,http://www.ebi.ac.uk/coho#EGA_subset,Northern Ireland Cohort for Longitudinal Study of Ageing
COHO:0000130,owl:NamedIndividual,http://www.ebi.ac.uk/coho#EGA_subset,Northern Sweden Population Health Study
COHO:0000131,owl:NamedIndividual,http://www.ebi.ac.uk/coho#EGA_subset,Norwegian Mother and Child Cohort study
COHO:0000132,owl:NamedIndividual,http://www.ebi.ac.uk/coho#EGA_subset,Orkney Complex Disease Study
COHO:0000134,owl:NamedIndividual,http://www.ebi.ac.uk/coho#EGA_subset,Ovarian Cancer Association Consortium
COHO:0000136,owl:NamedIndividual,http://www.ebi.ac.uk/coho#EGA_subset,Oxford Biobank
COHO:0000139,owl:NamedIndividual,http://www.ebi.ac.uk/coho#EGA_subset,People of the British Isles
COHO:0000140,owl:NamedIndividual,http://www.ebi.ac.uk/coho#EGA_subset,Physical Activity and Nutrition in Children Study
COHO:0000141,owl:NamedIndividual,http://www.ebi.ac.uk/coho#EGA_subset,Population-based Colonoscopy study
COHO:0000142,owl:NamedIndividual,http://www.ebi.ac.uk/coho#EGA_subset,Precocious Coronary Artery Disease Study
COHO:0000144,owl:NamedIndividual,http://www.ebi.ac.uk/coho#EGA_subset,Prospective Investigation of the Vasculature in Uppsala Seniors
COHO:0000146,owl:NamedIndividual,http://www.ebi.ac.uk/coho#EGA_subset,Psychiatric GWAS Consortium
COHO:0000148,owl:NamedIndividual,http://www.ebi.ac.uk/coho#EGA_subset,Rotterdam Study
COHO:0000149,owl:NamedIndividual,http://www.ebi.ac.uk/coho#EGA_subset,Saguenay-Lac-Saint-Jean asthma study
COHO:0000150,owl:NamedIndividual,http://www.ebi.ac.uk/coho#EGA_subset,Sahlgrenska Academy Study on Ischemic Stroke
COHO:0000151,owl:NamedIndividual,http://www.ebi.ac.uk/coho#EGA_subset,SardiNIA Study of Aging
COHO:0000152,owl:NamedIndividual,http://www.ebi.ac.uk/coho#EGA_subset,Scania Diabetes Registry
COHO:0000153,owl:NamedIndividual,http://www.ebi.ac.uk/coho#EGA_subset,Shanghai Study
COHO:0000155,owl:NamedIndividual,http://www.ebi.ac.uk/coho#EGA_subset,Simons Simplex Collection
COHO:0000157,owl:NamedIndividual,http://www.ebi.ac.uk/coho#EGA_subset,SORCE
COHO:0000159,owl:NamedIndividual,http://www.ebi.ac.uk/coho#EGA_subset,Sweden Bipolar Disorder Cohort
COHO:0000160,owl:NamedIndividual,http://www.ebi.ac.uk/coho#EGA_subset,Swedish Twin Registry
COHO:0000162,owl:NamedIndividual,http://www.ebi.ac.uk/coho#EGA_subset,TEENs of Attica: Genes and Environment
COHO:0000163,owl:NamedIndividual,http://www.ebi.ac.uk/coho#EGA_subset,The English Longitudinal Study of Ageing
COHO:0000164,owl:NamedIndividual,http://www.ebi.ac.uk/coho#EGA_subset,The Fenland Study
COHO:0000166,owl:NamedIndividual,http://www.ebi.ac.uk/coho#EGA_subset,The MANOLIS cohort
COHO:0000169,owl:NamedIndividual,http://www.ebi.ac.uk/coho#EGA_subset,The Pakistan Risk Of Myocardial Infarction Study
COHO:0000173,owl:NamedIndividual,http://www.ebi.ac.uk/coho#EGA_subset,Twins Early Development Study
COHO:0000174,owl:NamedIndividual,http://www.ebi.ac.uk/coho#EGA_subset,Type 1 Diabetes Genetics Consortium
COHO:0000175,owl:NamedIndividual,http://www.ebi.ac.uk/coho#EGA_subset,UK Adult Twin Register
COHO:0000176,owl:NamedIndividual,http://www.ebi.ac.uk/coho#EGA_subset,UK Biobank
COHO:0000177,owl:NamedIndividual,http://www.ebi.ac.uk/coho#EGA_subset,UK Brain Expression Consortium
COHO:0000178,owl:NamedIndividual,http://www.ebi.ac.uk/coho#EGA_subset,UK Childhood Cancer Study
COHO:0000179,owl:NamedIndividual,http://www.ebi.ac.uk/coho#EGA_subset,UK Household Longitudinal Study
COHO:0000180,owl:NamedIndividual,http://www.ebi.ac.uk/coho#EGA_subset,UK Inflammatory Bowel Disease Genetics Consortium
COHO:0000181,owl:NamedIndividual,http://www.ebi.ac.uk/coho#EGA_subset,Viking Health Study
COHO:0000182,owl:NamedIndividual,http://www.ebi.ac.uk/coho#EGA_subset,Wellcome Trust Case Control Consortium
COHO:0000184,owl:NamedIndividual,http://www.ebi.ac.uk/coho#EGA_subset,INTERVAL study
COHO:0000206,owl:NamedIndividual,http://www.ebi.ac.uk/coho#EGA_subset,"100,000 Genomes Project"
COHO:0000207,owl:NamedIndividual,http://www.ebi.ac.uk/coho#EGA_subset,1958 British Birth Cohort
COHO:0000208,owl:NamedIndividual,http://www.ebi.ac.uk/coho#EGA_subset,300BCG
COHO:0000209,owl:NamedIndividual,http://www.ebi.ac.uk/coho#EGA_subset,AACR Project GENIE
COHO:0000210,owl:NamedIndividual,http://www.ebi.ac.uk/coho#EGA_subset,AC-ANGIOPREDICT Phase II trial
COHO:0000211,owl:NamedIndividual,http://www.ebi.ac.uk/coho#EGA_subset,Adjuvant Lapatinib and/or Trastuzumab Treatment Optimisation trial
COHO:0000213,owl:NamedIndividual,http://www.ebi.ac.uk/coho#EGA_subset,African Genome Resource
COHO:0000214,owl:NamedIndividual,http://www.ebi.ac.uk/coho#EGA_subset,African Genome Variation Project
COHO:0000215,owl:NamedIndividual,http://www.ebi.ac.uk/coho#EGA_subset,African Partnership for Chronic Disease Research
COHO:0000216,owl:NamedIndividual,http://www.ebi.ac.uk/coho#EGA_subset,ALLG ALL06
COHO:0000217,owl:NamedIndividual,http://www.ebi.ac.uk/coho#EGA_subset,Alpe-DPD study
COHO:0000218,owl:NamedIndividual,http://www.ebi.ac.uk/coho#EGA_subset,APCDR Diabetes Case Control Study
COHO:0000219,owl:NamedIndividual,http://www.ebi.ac.uk/coho#EGA_subset,Atlas of Blood Cancer Genomes
COHO:0000220,owl:NamedIndividual,http://www.ebi.ac.uk/coho#EGA_subset,Australian childhood AML cohort
COHO:0000221,owl:NamedIndividual,http://www.ebi.ac.uk/coho#EGA_subset,BEACON eczema drug trial
COHO:0000222,owl:NamedIndividual,http://www.ebi.ac.uk/coho#EGA_subset,Beat AML
COHO:0000223,owl:NamedIndividual,http://www.ebi.ac.uk/coho#EGA_subset,Belgian Approach of Local Laboratory Extensive Tumor Testing
COHO:0000224,owl:NamedIndividual,http://www.ebi.ac.uk/coho#EGA_subset,BELLINI trial
COHO:0000225,owl:NamedIndividual,http://www.ebi.ac.uk/coho#EGA_subset,Blood First Assay Screening Trial
COHO:0000226,owl:NamedIndividual,http://www.ebi.ac.uk/coho#EGA_subset,Born in Bradford
COHO:0000227,owl:NamedIndividual,http://www.ebi.ac.uk/coho#EGA_subset,CALGB 40601
COHO:0000228,owl:NamedIndividual,http://www.ebi.ac.uk/coho#EGA_subset,Cambridge Biorepository for Translational Medicine
COHO:0000229,owl:NamedIndividual,http://www.ebi.ac.uk/coho#EGA_subset,Canadian Airways Research Group
COHO:0000230,owl:NamedIndividual,http://www.ebi.ac.uk/coho#EGA_subset,Canadian Prostate Cancer Genome Network
COHO:0000231,owl:NamedIndividual,http://www.ebi.ac.uk/coho#EGA_subset,Cancer Genomics of the Kidney
COHO:0000232,owl:NamedIndividual,http://www.ebi.ac.uk/coho#EGA_subset,CeDNN
COHO:0000233,owl:NamedIndividual,http://www.ebi.ac.uk/coho#EGA_subset,CENet Cohort
COHO:0000234,owl:NamedIndividual,http://www.ebi.ac.uk/coho#EGA_subset,CHILD Cohort Study
COHO:0000235,owl:NamedIndividual,http://www.ebi.ac.uk/coho#EGA_subset,City of Hope triple negative breast cancer cohort
COHO:0000236,owl:NamedIndividual,http://www.ebi.ac.uk/coho#EGA_subset,CLUSTER consortium
COHO:0000237,owl:NamedIndividual,http://www.ebi.ac.uk/coho#EGA_subset,COMPARE study
COHO:0000238,owl:NamedIndividual,http://www.ebi.ac.uk/coho#EGA_subset,COVID-19 Host Genetics Initiative
COHO:0000239,owl:NamedIndividual,http://www.ebi.ac.uk/coho#EGA_subset,CRCbiome
COHO:0000240,owl:NamedIndividual,http://www.ebi.ac.uk/coho#EGA_subset,DERMATLAS
COHO:0000241,owl:NamedIndividual,http://www.ebi.ac.uk/coho#EGA_subset,Diagnosis and Management of Febrile Illness using RNA Personalised Molecular Signature Diagnosis
COHO:0000242,owl:NamedIndividual,http://www.ebi.ac.uk/coho#EGA_subset,DKTK MASTER
COHO:0000243,owl:NamedIndividual,http://www.ebi.ac.uk/coho#EGA_subset,Donor InSight III study
COHO:0000244,owl:NamedIndividual,http://www.ebi.ac.uk/coho#EGA_subset,East London Genes and Health
COHO:0000245,owl:NamedIndividual,http://www.ebi.ac.uk/coho#EGA_subset,Egyptian Collaborative Cardiac Genomics Project
COHO:0000246,owl:NamedIndividual,http://www.ebi.ac.uk/coho#EGA_subset,EMC-DC-IL10R study
COHO:0000247,owl:NamedIndividual,http://www.ebi.ac.uk/coho#EGA_subset,Emirati Genome Program
COHO:0000248,owl:NamedIndividual,http://www.ebi.ac.uk/coho#EGA_subset,Entebbe Mother and Baby study
COHO:0000249,owl:NamedIndividual,http://www.ebi.ac.uk/coho#EGA_subset,EORTC-SPECTA RP1759
COHO:0000250,owl:NamedIndividual,http://www.ebi.ac.uk/coho#EGA_subset,ESTAMPA
COHO:0000251,owl:NamedIndividual,http://www.ebi.ac.uk/coho#EGA_subset,Estonian Microbiome Cohort
COHO:0000252,owl:NamedIndividual,http://www.ebi.ac.uk/coho#EGA_subset,Etude des Déterminants pré et postnatals précoces du développement et de la santé de l'Enfant
COHO:0000253,owl:NamedIndividual,http://www.ebi.ac.uk/coho#EGA_subset,EuroEPINOMICS
COHO:0000254,owl:NamedIndividual,http://www.ebi.ac.uk/coho#EGA_subset,European BestAgeing Study
COHO:0000255,owl:NamedIndividual,http://www.ebi.ac.uk/coho#EGA_subset,"Extended Cohort for E-health, Environment and DNA"
COHO:0000256,owl:NamedIndividual,http://www.ebi.ac.uk/coho#EGA_subset,Genome Database of Latvian Population
COHO:0000257,owl:NamedIndividual,http://www.ebi.ac.uk/coho#EGA_subset,Genome Diversity in Africa Project
COHO:0000258,owl:NamedIndividual,http://www.ebi.ac.uk/coho#EGA_subset,Genome Research at Fundació ACE
COHO:0000259,owl:NamedIndividual,http://www.ebi.ac.uk/coho#EGA_subset,Genomic Advances in Sepsis
COHO:0000260,owl:NamedIndividual,http://www.ebi.ac.uk/coho#EGA_subset,German Cancer Consortium
COHO:0000261,owl:NamedIndividual,http://www.ebi.ac.uk/coho#EGA_subset,German MI cohort
COHO:0000262,owl:NamedIndividual,http://www.ebi.ac.uk/coho#EGA_subset,GMMG-BIRMA trial
COHO:0000263,owl:NamedIndividual,http://www.ebi.ac.uk/coho#EGA_subset,Gutenberg Health Study
COHO:0000264,owl:NamedIndividual,http://www.ebi.ac.uk/coho#EGA_subset,Haematological Malignancy Research Network
COHO:0000265,owl:NamedIndividual,http://www.ebi.ac.uk/coho#EGA_subset,"Health, Alcohol and Psychosocial factors In Eastern Europe study"
COHO:0000266,owl:NamedIndividual,http://www.ebi.ac.uk/coho#EGA_subset,Healthy Life in an Urban Setting
COHO:0000267,owl:NamedIndividual,http://www.ebi.ac.uk/coho#EGA_subset,ICGC Gastric Cancer China project
COHO:0000268,owl:NamedIndividual,http://www.ebi.ac.uk/coho#EGA_subset,ICGC Gynecological Carcinosarcoma project
COHO:0000269,owl:NamedIndividual,http://www.ebi.ac.uk/coho#EGA_subset,ICGC India Project
COHO:0000270,owl:NamedIndividual,http://www.ebi.ac.uk/coho#EGA_subset,ICGC Liver Cancer China project
COHO:0000271,owl:NamedIndividual,http://www.ebi.ac.uk/coho#EGA_subset,ICGC MMML-Seq
COHO:0000272,owl:NamedIndividual,http://www.ebi.ac.uk/coho#EGA_subset,ICGC Oesophageal Adenocarcinoma project
COHO:0000273,owl:NamedIndividual,http://www.ebi.ac.uk/coho#EGA_subset,ICGC Pancreatic Cancer project
COHO:0000274,owl:NamedIndividual,http://www.ebi.ac.uk/coho#EGA_subset,ICGC PedBrain Tumor Project
COHO:0000275,owl:NamedIndividual,http://www.ebi.ac.uk/coho#EGA_subset,ICGC Prostate Cancer UK project
COHO:0000276,owl:NamedIndividual,http://www.ebi.ac.uk/coho#EGA_subset,ICR MOPOPGEN UK exome control series
COHO:0000277,owl:NamedIndividual,http://www.ebi.ac.uk/coho#EGA_subset,IMI-RHAPSODY
COHO:0000278,owl:NamedIndividual,http://www.ebi.ac.uk/coho#EGA_subset,IMMUcan
COHO:0000279,owl:NamedIndividual,http://www.ebi.ac.uk/coho#EGA_subset,IMMUcan SCCHN1 cohort
COHO:0000280,owl:NamedIndividual,http://www.ebi.ac.uk/coho#EGA_subset,ImmunAID
COHO:0000281,owl:NamedIndividual,http://www.ebi.ac.uk/coho#EGA_subset,Initiative for Molecular Profiling and Advanced Cancer Therapy 2
COHO:0000282,owl:NamedIndividual,http://www.ebi.ac.uk/coho#EGA_subset,International Cancer Genome Consortium
COHO:0000283,owl:NamedIndividual,http://www.ebi.ac.uk/coho#EGA_subset,International Genetics of Parkinson Disease Progression Consortium
COHO:0000284,owl:NamedIndividual,http://www.ebi.ac.uk/coho#EGA_subset,International HapMap Project
COHO:0000285,owl:NamedIndividual,http://www.ebi.ac.uk/coho#EGA_subset,InterPregGen
COHO:0000286,owl:NamedIndividual,http://www.ebi.ac.uk/coho#EGA_subset,Korean Genome Project
COHO:0000287,owl:NamedIndividual,http://www.ebi.ac.uk/coho#EGA_subset,LifeLines-DEEP
COHO:0000288,owl:NamedIndividual,http://www.ebi.ac.uk/coho#EGA_subset,Lifelines-NEXT
COHO:0000289,owl:NamedIndividual,http://www.ebi.ac.uk/coho#EGA_subset,Liverpool Preterm Birth Biomarker Study
COHO:0000290,owl:NamedIndividual,http://www.ebi.ac.uk/coho#EGA_subset,Low coverage Kuusamo whole genome sequencing study
COHO:0000291,owl:NamedIndividual,http://www.ebi.ac.uk/coho#EGA_subset,Lung Cancer Diagnostic Study
COHO:0000292,owl:NamedIndividual,http://www.ebi.ac.uk/coho#EGA_subset,lungNENomics
COHO:0000293,owl:NamedIndividual,http://www.ebi.ac.uk/coho#EGA_subset,Maastricht IBS studies
COHO:0000294,owl:NamedIndividual,http://www.ebi.ac.uk/coho#EGA_subset,Malaria Genomic Epidemiology Network
COHO:0000295,owl:NamedIndividual,http://www.ebi.ac.uk/coho#EGA_subset,Malaysian Breast Cancer cohort
COHO:0000296,owl:NamedIndividual,http://www.ebi.ac.uk/coho#EGA_subset,Malmö Diet and Cancer Study
COHO:0000297,owl:NamedIndividual,http://www.ebi.ac.uk/coho#EGA_subset,Mechanisms of the Development of Allergy
COHO:0000298,owl:NamedIndividual,http://www.ebi.ac.uk/coho#EGA_subset,Medical Genome Reference Bank
COHO:0000299,owl:NamedIndividual,http://www.ebi.ac.uk/coho#EGA_subset,MESOMICS
COHO:0000300,owl:NamedIndividual,http://www.ebi.ac.uk/coho#EGA_subset,Milan cohort
COHO:0000301,owl:NamedIndividual,http://www.ebi.ac.uk/coho#EGA_subset,Milieu Intérieur
COHO:0000302,owl:NamedIndividual,http://www.ebi.ac.uk/coho#EGA_subset,MITO16A/MaNGO-OV2 trial
COHO:0000303,owl:NamedIndividual,http://www.ebi.ac.uk/coho#EGA_subset,Molecular Phenotyping to Accelerate Genomic Epidemiology
COHO:0000304,owl:NamedIndividual,http://www.ebi.ac.uk/coho#EGA_subset,Molecular Taxonomy of Breast Cancer International Consortium
COHO:0000305,owl:NamedIndividual,http://www.ebi.ac.uk/coho#EGA_subset,MRCE family panel
COHO:0000306,owl:NamedIndividual,http://www.ebi.ac.uk/coho#EGA_subset,MultiMuTHER
COHO:0000307,owl:NamedIndividual,http://www.ebi.ac.uk/coho#EGA_subset,Multiple Tissue Human Expression Resource
COHO:0000308,owl:NamedIndividual,http://www.ebi.ac.uk/coho#EGA_subset,Nala GSI GSAv3 PGx Study
COHO:0000309,owl:NamedIndividual,http://www.ebi.ac.uk/coho#EGA_subset,NCI China cohort
COHO:0000310,owl:NamedIndividual,http://www.ebi.ac.uk/coho#EGA_subset,NCI Taiwan cohort
COHO:0000311,owl:NamedIndividual,http://www.ebi.ac.uk/coho#EGA_subset,NeoALTTO
COHO:0000312,owl:NamedIndividual,http://www.ebi.ac.uk/coho#EGA_subset,NIHR BioResource
COHO:0000313,owl:NamedIndividual,http://www.ebi.ac.uk/coho#EGA_subset,Pan-Cancer Analysis of Whole Genomes
COHO:0000314,owl:NamedIndividual,http://www.ebi.ac.uk/coho#EGA_subset,PANDA trial
COHO:0000315,owl:NamedIndividual,http://www.ebi.ac.uk/coho#EGA_subset,PELICAN
COHO:0000316,owl:NamedIndividual,http://www.ebi.ac.uk/coho#EGA_subset,PETAL trial
COHO:0000317,owl:NamedIndividual,http://www.ebi.ac.uk/coho#EGA_subset,PHOENIX trial
COHO:0000318,owl:NamedIndividual,http://www.ebi.ac.uk/coho#EGA_subset,Polish glioma cohort
COHO:0000319,owl:NamedIndividual,http://www.ebi.ac.uk/coho#EGA_subset,Posthumous Evaluation of Advanced Cancer Environment
COHO:0000320,owl:NamedIndividual,http://www.ebi.ac.uk/coho#EGA_subset,PRedicting Outcomes For Crohn's disease using a moLecular biomarker
COHO:0000321,owl:NamedIndividual,http://www.ebi.ac.uk/coho#EGA_subset,Pregnancy Outcome Prediction study
COHO:0000322,owl:NamedIndividual,http://www.ebi.ac.uk/coho#EGA_subset,Premature Atherosclerosis Study pedigrees
COHO:0000323,owl:NamedIndividual,http://www.ebi.ac.uk/coho#EGA_subset,PrevANZ trial
COHO:0000324,owl:NamedIndividual,http://www.ebi.ac.uk/coho#EGA_subset,Prevention and Incidence of Asthma and Mite Allergy
COHO:0000325,owl:NamedIndividual,http://www.ebi.ac.uk/coho#EGA_subset,Princess Margaret Cancer Centre acute myeloid leukemia patient cohort
COHO:0000326,owl:NamedIndividual,http://www.ebi.ac.uk/coho#EGA_subset,Radar cohort
COHO:0000327,owl:NamedIndividual,http://www.ebi.ac.uk/coho#EGA_subset,Research on Obesity and Diabetes among African Migrants
COHO:0000328,owl:NamedIndividual,http://www.ebi.ac.uk/coho#EGA_subset,ROBUST trial
COHO:0000329,owl:NamedIndividual,http://www.ebi.ac.uk/coho#EGA_subset,SARS-CoV-2 Vaccine Response in Cancer trial
COHO:0000331,owl:NamedIndividual,http://www.ebi.ac.uk/coho#EGA_subset,Severe Childhood Onset Obesity Project
COHO:0000332,owl:NamedIndividual,http://www.ebi.ac.uk/coho#EGA_subset,SG10K Pilot
COHO:0000333,owl:NamedIndividual,http://www.ebi.ac.uk/coho#EGA_subset,STRAT-PARK
COHO:0000334,owl:NamedIndividual,http://www.ebi.ac.uk/coho#EGA_subset,STREP GENE
COHO:0000335,owl:NamedIndividual,http://www.ebi.ac.uk/coho#EGA_subset,Stroke Investigative Research and Education Network
COHO:0000336,owl:NamedIndividual,http://www.ebi.ac.uk/coho#EGA_subset,Study Into Lean and Thin Subjects
COHO:0000337,owl:NamedIndividual,http://www.ebi.ac.uk/coho#EGA_subset,SweGen
COHO:0000338,owl:NamedIndividual,http://www.ebi.ac.uk/coho#EGA_subset,Sys4MS cohort
COHO:0000339,owl:NamedIndividual,http://www.ebi.ac.uk/coho#EGA_subset,Therapeutically Applicable Research to Generate Effective Treatments
COHO:0000340,owl:NamedIndividual,http://www.ebi.ac.uk/coho#EGA_subset,TRACERx
COHO:0000341,owl:NamedIndividual,http://www.ebi.ac.uk/coho#EGA_subset,TransplantLines
COHO:0000342,owl:NamedIndividual,http://www.ebi.ac.uk/coho#EGA_subset,TrypanoGEN
COHO:0000343,owl:NamedIndividual,http://www.ebi.ac.uk/coho#EGA_subset,Tumor Profiler
COHO:0000344,owl:NamedIndividual,http://www.ebi.ac.uk/coho#EGA_subset,Type 2 Diabetes Genetic Exploration by Next-generation sequencing in multi-Ethnic Samples
COHO:0000345,owl:NamedIndividual,http://www.ebi.ac.uk/coho#EGA_subset,Uganda General Population Cohort
COHO:0000346,owl:NamedIndividual,http://www.ebi.ac.uk/coho#EGA_subset,UK BHF CAD/MI cohort
COHO:0000347,owl:NamedIndividual,http://www.ebi.ac.uk/coho#EGA_subset,UK Blood Service Control Group
COHO:0000348,owl:NamedIndividual,http://www.ebi.ac.uk/coho#EGA_subset,UK10K
COHO:0000349,owl:NamedIndividual,http://www.ebi.ac.uk/coho#EGA_subset,UK10K Rare Neuromuscular Disorders cohort
COHO:0000350,owl:NamedIndividual,http://www.ebi.ac.uk/coho#EGA_subset,University of Washington ovarian carcinoma cohort
COHO:0000351,owl:NamedIndividual,http://www.ebi.ac.uk/coho#EGA_subset,UPTIDER
COHO:0000352,owl:NamedIndividual,http://www.ebi.ac.uk/coho#EGA_subset,VIVO Biobank
COHO:0000353,owl:NamedIndividual,http://www.ebi.ac.uk/coho#EGA_subset,West Coast Prostate Cancer Dream Team
COHO:0000354,owl:NamedIndividual,http://www.ebi.ac.uk/coho#EGA_subset,WTCCC case-control study for Ankylosing Spondylitis
COHO:0000355,owl:NamedIndividual,http://www.ebi.ac.uk/coho#EGA_subset,WTCCC case-control study for Autoimmune Thyroid Disease
COHO:0000356,owl:NamedIndividual,http://www.ebi.ac.uk/coho#EGA_subset,WTCCC case-control study for Bipolar Disorder
COHO:0000357,owl:NamedIndividual,http://www.ebi.ac.uk/coho#EGA_subset,WTCCC case-control study for Breast cancer
COHO:0000358,owl:NamedIndividual,http://www.ebi.ac.uk/coho#EGA_subset,WTCCC case-control study for Coronary Artery Disease
COHO:0000359,owl:NamedIndividual,http://www.ebi.ac.uk/coho#EGA_subset,WTCCC case-control study for Hypertension
COHO:0000360,owl:NamedIndividual,http://www.ebi.ac.uk/coho#EGA_subset,WTCCC case-control study for Inflammatory Bowel Disease
COHO:0000361,owl:NamedIndividual,http://www.ebi.ac.uk/coho#EGA_subset,WTCCC case-control study for Multiple Sclerosis
COHO:0000362,owl:NamedIndividual,http://www.ebi.ac.uk/coho#EGA_subset,WTCCC case-control study for Rheumatoid Arthritis
COHO:0000363,owl:NamedIndividual,http://www.ebi.ac.uk/coho#EGA_subset,WTCCC case-control study for Tuberculosis
COHO:0000364,owl:NamedIndividual,http://www.ebi.ac.uk/coho#EGA_subset,WTCCC case-control study for Type 1 Diabetes
COHO:0000365,owl:NamedIndividual,http://www.ebi.ac.uk/coho#EGA_subset,WTCCC case-control study for Type 2 Diabetes
