ID	database_cross_reference	parent_class	label	located_in_area
ID	A oio:hasDbXref	TYPE	A rdfs:label	I RO:0001025
dbpedia:Australia	GAZ:00000463	NCIT:C25464	Australia	dbpedia:Oceania
dbpedia:Austria	GAZ:00002942	NCIT:C25464	Austria	dbpedia:Europe
dbpedia:Bangladesh	GAZ:00003750	NCIT:C25464	Bangladesh	dbpedia:South_Asia
dbpedia:Belgium	GAZ:00002938	NCIT:C25464	Belgium	dbpedia:Europe
dbpedia:Brazil	GAZ:00002828	NCIT:C25464	Brazil	dbpedia:SouthAmerica
dbpedia:Burkina_Faso	GAZ:00000905	NCIT:C25464	Burkina Faso	dbpedia:Western_Africa
dbpedia:Canada	GAZ:00002560	NCIT:C25464	Canada	dbpedia:Northern_America
dbpedia:China	GAZ:00002845	NCIT:C25464	China	dbpedia:Eastern_Asia
dbpedia:Costa_Rica	GAZ:00002901	NCIT:C25464	Costa Rica	dbpedia:Central_America
dbpedia:Croatia	GAZ:00002719	NCIT:C25464	Croatia	dbpedia:Europe
dbpedia:Cyprus	GAZ:00453362	NCIT:C25464	Cyprus	dbpedia:Europe
dbpedia:Denmark	GAZ:00002635	NCIT:C25464	Denmark	dbpedia:Europe
dbpedia:Estonia	GAZ:00002959	NCIT:C25464	Estonia	dbpedia:Europe
dbpedia:Ethiopia	GAZ:00000567	NCIT:C25464	Ethiopia	dbpedia:Eastern_Africa
dbpedia:Finland	GAZ:00002937	NCIT:C25464	Finland	dbpedia:Europe
dbpedia:France	GAZ:00002940	NCIT:C25464	France	dbpedia:Europe
dbpedia:Germany	GAZ:00002646	NCIT:C25464	Germany	dbpedia:Europe
dbpedia:Ghana	GAZ:00000908	NCIT:C25464	Ghana	dbpedia:Western_Africa
dbpedia:Greece	GAZ:00002945	NCIT:C25464	Greece	dbpedia:Europe
dbpedia:Iceland	GAZ:00000843	NCIT:C25464	Iceland	dbpedia:Europe
dbpedia:India	GAZ:00002839	NCIT:C25464	India	dbpedia:South_Asia
dbpedia:Israel	GAZ:00002476	NCIT:C25464	Israel	dbpedia:Asia
dbpedia:Italy	GAZ:00002650	NCIT:C25464	Italy	dbpedia:Europe
dbpedia:Japan	GAZ:00002747	NCIT:C25464	Japan	dbpedia:Eastern_Asia
dbpedia:Kenya	GAZ:00001101	NCIT:C25464	Kenya	dbpedia:Eastern_Africa
dbpedia:Mexico	GAZ:00002852	NCIT:C25464	Mexico	dbpedia:Northern_America
dbpedia:Moldova	GAZ:00003897	NCIT:C25464	Moldova	dbpedia:Europe
dbpedia:Netherlands	GAZ:00001549	NCIT:C25464	Netherlands	dbpedia:Europe
dbpedia:New_Zealand	GAZ:00000469	NCIT:C25464	New Zealand	dbpedia:Oceania
dbpedia:Norway	GAZ:00002699	NCIT:C25464	Norway	dbpedia:Europe
dbpedia:Pakistan	GAZ:00005246	NCIT:C25464	Pakistan	dbpedia:South_Asia
dbpedia:Peru	GAZ:00002932	NCIT:C25464	Peru	dbpedia:SouthAmerica
dbpedia:Poland	GAZ:00002939	NCIT:C25464	Poland	dbpedia:Europe
dbpedia:Portugal	GAZ:00002944	NCIT:C25464	Portugal	dbpedia:Europe
dbpedia:Republic_of_Ireland	GAZ:00002943	NCIT:C25464	Republic of Ireland	dbpedia:Europe
dbpedia:Russia	GAZ:00002721	NCIT:C25464	Russia	dbpedia:Europe
dbpedia:Singapore	GAZ:00003923	NCIT:C25464	Singapore	dbpedia:South-Eastern_Asia
dbpedia:South_Africa	GAZ:00000553	NCIT:C25464	South Africa	dbpedia:Southern_Africa
dbpedia:South_Korea	GAZ:00002802	NCIT:C25464	South Korea	dbpedia:Eastern_Asia
dbpedia:Spain	GAZ:00000591	NCIT:C25464	Spain	dbpedia:Europe
dbpedia:Sweden	GAZ:00002729	NCIT:C25464	Sweden	dbpedia:Europe
dbpedia:Switzerland	GAZ:00002941	NCIT:C25464	Switzerland	dbpedia:Europe
dbpedia:Taiwan	GAZ:00005341	NCIT:C25464	Taiwan	dbpedia:Eastern_Asia
dbpedia:Thailand	GAZ:00003744	NCIT:C25464	Thailand	dbpedia:South-Eastern_Asia
dbpedia:Ukraine	GAZ:00002724	NCIT:C25464	Ukraine	dbpedia:Europe
dbpedia:United_Kingdom	GAZ:00002637	NCIT:C25464	United Kingdom	dbpedia:Europe
dbpedia:United_States	GAZ:00002459	NCIT:C25464	United States	dbpedia:Northern_America
dbpedia:Venezuela	GAZ:00002931	NCIT:C25464	Venezuela	dbpedia:SouthAmerica
dbpedia:Vietnam	GAZ:00003756	NCIT:C25464	Vietnam	dbpedia:South-Eastern_Asia
dbpedia:Africa	GAZ:00000457	NCIT:C16632	Africa	
dbpedia:Asia	GAZ:00000465	NCIT:C16632	Asia	
dbpedia:Europe	GAZ:00000464	NCIT:C16632	Europe	
dbpedia:Latin_America_and_the_Caribbean	GAZ:00000459	NCIT:C16632	Latin America and the Caribbean	
dbpedia:Northern_America	GAZ:00000458	NCIT:C16632	Northern America	
dbpedia:Oceania	GAZ:00000468	NCIT:C16632	Oceania	
dbpedia:Central_America	GAZ:00002891	NCIT:C16632	Central America	dbpedia:Northern_America
dbpedia:Eastern_Africa	GAZ:00000556	NCIT:C16632	Eastern Africa	dbpedia:Africa
dbpedia:Eastern_Asia	GAZ:00002471	NCIT:C16632	Eastern Asia	dbpedia:Asia
dbpedia:Melanesia	GAZ:00005860	NCIT:C16632	Melanesia	dbpedia:Oceania
dbpedia:Micronesia	GAZ:00005862	NCIT:C16632	Micronesia	dbpedia:Oceania
dbpedia:Northern_Africa	GAZ:00000555	NCIT:C16632	Northern Africa	dbpedia:Africa
dbpedia:Polynesia	GAZ:00005861	NCIT:C16632	Polynesia	dbpedia:Oceania
dbpedia:SouthAmerica	GAZ:00000459	NCIT:C16632	South America	
dbpedia:South_Asia	GAZ:00002472	NCIT:C16632	South Asia	dbpedia:Asia
dbpedia:South-Eastern_Asia	GAZ:00000559	NCIT:C16632	South-Eastern Asia	dbpedia:Asia
dbpedia:Southern_Africa	GAZ:00000553	NCIT:C16632	Southern Africa	dbpedia:Africa
dbpedia:Western_Africa	GAZ:00000554	NCIT:C16632	Western Africa	dbpedia:Africa
dbpedia:Central_Africa	GAZ:00000588	NCIT:C16632	Central Africa	dbpedia:Africa
dbpedia:Lebanon	GAZ:00002478	NCIT:C25464	Lebanon	dbpedia:Asia
dbpedia:Romania	GAZ:00002951	NCIT:C25464	Romania	dbpedia:Europe
dbpedia:Sri_Lanka	GAZ:00003924	NCIT:C25464	Sri Lanka	dbpedia:South_Asia
dbpedia:Uganda	GAZ:00001102	NCIT:C25464	Uganda	dbpedia:Eastern_Africa
dbpedia:Malaysia	GAZ:00003902	NCIT:C25464	Malaysia	dbpedia:South-Eastern_Asia
dbpedia:Egypt	GAZ:00003934	NCIT:C25464	Egypt	dbpedia:Northern_Africa
dbpedia:Nigeria	GAZ:00000912	NCIT:C25464	Nigeria	dbpedia:Western_Africa
dbpedia:Cameroon	GAZ:00001093	NCIT:C25464	Cameroon	dbpedia:Central_Africa
dbpedia:Zambia	GAZ:00001107	NCIT:C25464	Zambia	dbpedia:Eastern_Africa
dbpedia:Latvia	GAZ:00002958	NCIT:C25464	Latvia	dbpedia:Europe
dbpedia:United_Arab_Emirates	GAZ:00005282	NCIT:C25464	United Arab Emirates	dbpedia:Asia
dbpedia:Democratic_Republic_of_the_Congo	GAZ:00001086	NCIT:C25464	Democratic Republic of the Congo	dbpedia:Central_Africa
dbpedia:Ivory_Coast	GAZ:00000906	NCIT:C25464	Ivory Coast	dbpedia:Western_Africa
dbpedia:Guinea	GAZ:00000909	NCIT:C25464	Guinea	dbpedia:Western_Africa
dbpedia:Qatar	GAZ:00005286	NCIT:C25464	Qatar	dbpedia:Asia
dbpedia:Argentina	GAZ:00002928	NCIT:C25464	Argentina	dbpedia:SouthAmerica
dbpedia:Barbados	GAZ:00001251	NCIT:C25464	Barbados	dbpedia:Latin_America_and_the_Caribbean
dbpedia:Chile	GAZ:00002825	NCIT:C25464	Chile	dbpedia:SouthAmerica
dbpedia:Colombia	GAZ:00002929	NCIT:C25464	Colombia	dbpedia:SouthAmerica
dbpedia:Ecuador	GAZ:00002912	NCIT:C25464	Ecuador	dbpedia:SouthAmerica
dbpedia:Guinea-Bissau	GAZ:00000910	NCIT:C25464	Guinea-Bissau	dbpedia:Western_Africa
dbpedia:Hong_Kong	GAZ:00003203	NCIT:C25464	Hong Kong	dbpedia:Eastern_Asia
dbpedia:Indonesia	GAZ:00003727	NCIT:C25464	Indonesia	dbpedia:South-Eastern_Asia
dbpedia:Iran	GAZ:00004474	NCIT:C25464	Iran	dbpedia:Asia
dbpedia:Kuwait	GAZ:00005285	NCIT:C25464	Kuwait	dbpedia:Asia
dbpedia:Liechtenstein	GAZ:00003858	NCIT:C25464	Liechtenstein	dbpedia:Europe
dbpedia:Mozambique	GAZ:00001100	NCIT:C25464	Mozambique	dbpedia:Eastern_Africa
dbpedia:Philippines	GAZ:00004525	NCIT:C25464	Philippines	dbpedia:South-Eastern_Asia
dbpedia:Saudi_Arabia	GAZ:00005279	NCIT:C25464	Saudi Arabia	dbpedia:Asia
dbpedia:Sudan	GAZ:00000560	NCIT:C25464	Sudan	dbpedia:Northern_Africa
dbpedia:Tanzania	GAZ:00001103	NCIT:C25464	Tanzania	dbpedia:Eastern_Africa
dbpedia:Turkey	GAZ:00000558	NCIT:C25464	Turkey	dbpedia:Asia
dbpedia:Czech_Republic	GAZ:00002954	NCIT:C25464	Czech Republic	dbpedia:Europe
dbpedia:Hungary	GAZ:00002952	NCIT:C25464	Hungary	dbpedia:Europe
dbpedia:Slovakia	GAZ:00002956	NCIT:C25464	Slovakia	dbpedia:Europe
dbpedia:Lithuania	GAZ:00002960	NCIT:C25464	Lithuania	dbpedia:Europe
dbpedia:Guatemala	GAZ:00002936	NCIT:C25464	Guatemala	dbpedia:Central_America
dbpedia:Bulgaria	GAZ:00002950	NCIT:C25464	Bulgaria	dbpedia:Europe
dbpedia:El_Salvador	GAZ:00002935	NCIT:C25464	El Salvador	dbpedia:Central_America
dbpedia:Panama	GAZ:00002892	NCIT:C25464	Panama	dbpedia:Central_America
dbpedia:Uruguay	GAZ:00002930	NCIT:C25464	Uruguay	dbpedia:SouthAmerica
dbpedia:Serbia	GAZ:00002957	NCIT:C25464	Serbia	dbpedia:Europe
dbpedia:Georgia_(country)	GAZ:00004942	NCIT:C25464	Georgia	dbpedia:Asia
dbpedia:Armenia	GAZ:00004094	NCIT:C25464	Armenia	dbpedia:Asia
dbpedia:Azerbaijan	GAZ:00004941	NCIT:C25464	Azerbaijan	dbpedia:Asia
dbpedia:Uzbekistan	GAZ:00004979	NCIT:C25464	Uzbekistan	dbpedia:Asia
dbpedia:Kazakhstan	GAZ:00004999	NCIT:C25464	Kazakhstan	dbpedia:Asia
dbpedia:Tajikistan	GAZ:00006912	NCIT:C25464	Tajikistan	dbpedia:Asia
dbpedia:Cuba	GAZ:00003762	NCIT:C25464	Cuba	dbpedia:Latin_America_and_the_Caribbean
dbpedia:Dominican_Republic	GAZ:00003952	NCIT:C25464	Dominican Republic	dbpedia:Latin_America_and_the_Caribbean
dbpedia:Puerto_Rico	GAZ:00006935	NCIT:C25464	Puerto Rico	dbpedia:Latin_America_and_the_Caribbean
dbpedia:Luxembourg	GAZ:00002947	NCIT:C25464	Luxembourg	dbpedia:Europe
dbpedia:Malta	GAZ:00004017	NCIT:C25464	Malta	dbpedia:Europe
dbpedia:Slovenia	GAZ:00002955	NCIT:C25464	Slovenia	dbpedia:Europe
dbpedia:Malawi	GAZ:00001105	NCIT:C25464	Malawi	dbpedia:Eastern_Africa
dbpedia:Tuvalu	GAZ:00009715	NCIT:C25464	Tuvalu	dbpedia:Oceania
dbpedia:Mauritius	GAZ:00003745	NCIT:C25464	Mauritius	dbpedia:Eastern_Africa
dbpedia:Jamaica	GAZ:00003781	NCIT:C25464	Jamaica	dbpedia:Latin_America_and_the_Caribbean
dbpedia:Saint_Lucia	GAZ:00006909	NCIT:C25464	Saint Lucia	dbpedia:Latin_America_and_the_Caribbean
dbpedia:Haiti	GAZ:00003953	NCIT:C25464	Haiti	dbpedia:Latin_America_and_the_Caribbean
dbpedia:Belarus	GAZ:00006886	NCIT:C25464	Belarus	dbpedia:Europe
dbpedia:North_Macedonia	GAZ:00006895	NCIT:C25464	North Macedonia	dbpedia:Europe
dbpedia:Guernsey	GAZ:00001550	NCIT:C25464	Guernsey	dbpedia:Europe
dbpedia:Botswana	GAZ:00001097	NCIT:C25464	Botswana	dbpedia:Southern_Africa
dbpedia:Zimbabwe	GAZ:00001106	NCIT:C25464	Zimbabwe	dbpedia:Eastern_Africa
