accession_id	cohort_match	verification_status
EGAS00000000001	WTCCC case-control study for Bipolar Disorder	Confirmed correct (human-reviewed)
EGAS00000000002	WTCCC case-control study for Bipolar Disorder	Confirmed correct (human-reviewed)
EGAS00000000003	WTCCC case-control study for Coronary Artery Disease	Confirmed correct (human-reviewed)
EGAS00000000004	WTCCC case-control study for Coronary Artery Disease	Confirmed correct (human-reviewed)
EGAS00000000005	WTCCC case-control study for Coronary Artery Disease, WTCCC for Hypertension, T2D	Confirmed correct (human-reviewed)
EGAS00000000006	WTCCC case-control study for Inflammatory Bowel Disease	Confirmed correct (human-reviewed)
EGAS00000000007	WTCCC case-control study for Inflammatory Bowel Disease	Confirmed correct (human-reviewed)
EGAS00000000008	WTCCC case-control study for Inflammatory Bowel Disease, WTCCC case-control study for T1D, WTCCC case-control study for Rheumatoid Arthritis	Confirmed correct (human-reviewed)
EGAS00000000009	WTCCC case-control study for Hypertension	Confirmed correct (human-reviewed)
EGAS00000000010	WTCCC case-control study for Hypertension	Confirmed correct (human-reviewed)
EGAS00000000011	WTCCC case-control study for Rheumatoid Arthritis	Confirmed correct (human-reviewed)
EGAS00000000012	WTCCC case-control study for Rheumatoid Arthritis	Confirmed correct (human-reviewed)
EGAS00000000013	WTCCC case-control study for T1D, WTCCC case-control study for Rheumatoid Arthritis	Confirmed correct (human-reviewed)
EGAS00000000014	WTCCC case-control study for Type 1 Diabetes	Confirmed correct (human-reviewed)
EGAS00000000015	WTCCC case-control study for Type 1 Diabetes	Confirmed correct (human-reviewed)
EGAS00000000016	WTCCC case-control study for Type 2 Diabetes	Confirmed correct (human-reviewed)
EGAS00000000017	WTCCC case-control study for Type 2 Diabetes	Confirmed correct (human-reviewed)
EGAS00000000018	WTCCC case-control study for Ankylosing Spondylitis	Confirmed correct (human-reviewed)
EGAS00000000019	WTCCC case-control study for Ankylosing Spondylitis	Confirmed correct (human-reviewed)
EGAS00000000020	WTCCC case-control study for Autoimmune Thyroid Disease	Confirmed correct (human-reviewed)
EGAS00000000021	WTCCC case-control study for Autoimmune Thyroid Disease	Confirmed correct (human-reviewed)
EGAS00000000022	WTCCC case-control study for Multiple Sclerosis	Confirmed correct (human-reviewed)
EGAS00000000023	WTCCC case-control study for Multiple Sclerosis	Confirmed correct (human-reviewed)
EGAS00000000024	WTCCC case-control study for Breast cancer	Confirmed correct (human-reviewed)
EGAS00000000025	WTCCC case-control study for Breast cancer	Confirmed correct (human-reviewed)
EGAS00000000027	WTCCC case-control study for Tuberculosis	Confirmed correct (human-reviewed)
EGAS00000000032	T1DGC	Confirmed correct (human-reviewed)
EGAS00000000032	WTCCC	Confirmed correct (human-reviewed)
EGAS00000000037	WTCCC	Confirmed correct (human-reviewed)
EGAS00000000038	British Birth Cohort	Confirmed correct (human-reviewed)
EGAS00000000043	LifeLines	Confirmed correct (human-reviewed)
EGAS00000000097	KORA	Confirmed correct (human-reviewed)
EGAS00000000097	Wellcome Trust Case Control Consortium	Confirmed correct (human-reviewed)
EGAS00000000101	WTCCC	Confirmed correct (human-reviewed)
EGAS00000000101	Genetic Analysis of Multiple Sclerosis	Confirmed correct (human-reviewed)
EGAS00000000132	HapMap	Confirmed correct (human-reviewed)
EGAS00001000020	FINRISK	Confirmed correct (human-reviewed)
EGAS00001000022	ALSPAC	Confirmed correct (human-reviewed)
EGAS00001000052	AMC-PAS	Confirmed correct (human-reviewed)
EGAS00001000067	MANOLIS	Confirmed correct (human-reviewed)
EGAS00001000068	Orkney Complex Disease Study	Confirmed correct (human-reviewed)
EGAS00001000111	ALSPAC	Confirmed correct (human-reviewed)
EGAS00001000111	TwinsUK	Confirmed correct (human-reviewed)
EGAS00001000114	ALSPAC	Confirmed correct (human-reviewed)
EGAS00001000114	TwinsUK	Confirmed correct (human-reviewed)
EGAS00001000131	ALSPAC	Confirmed correct (human-reviewed)
EGAS00001000131	TwinsUK	Confirmed correct (human-reviewed)
EGAS00001000134	HapMap	Confirmed correct (human-reviewed)
EGAS00001000228	IIBDGC	Confirmed correct (human-reviewed)
EGAS00001000228	UKIBDGC	Confirmed correct (human-reviewed)
EGAS00001000239	PROMIS	Confirmed correct (human-reviewed)
EGAS00001000241	ALSPAC	Confirmed correct (human-reviewed)
EGAS00001000241	TwinsUK	Confirmed correct (human-reviewed)
EGAS00001000241	UK Biobank	Confirmed correct (human-reviewed)
EGAS00001000311	TwinsUK	Confirmed correct (human-reviewed)
EGAS00001000316	FINRISK	Confirmed correct (human-reviewed)
EGAS00001000324	1000 Genomes	Confirmed correct (human-reviewed)
EGAS00001000329	UKIBD Genetics Consortium	Confirmed correct (human-reviewed)
EGAS00001000350	NSPHS	Confirmed correct (human-reviewed)
EGAS00001000350	ORCADES	Confirmed correct (human-reviewed)
EGAS00001000392	HELIC	Confirmed correct (human-reviewed)
EGAS00001000392	MANOLIS	Confirmed correct (human-reviewed)
EGAS00001000411	Cardiogenics Study	Confirmed correct (human-reviewed)
EGAS00001000427	ICGC	Confirmed correct (human-reviewed)
EGAS00001000433	ICGC	Confirmed correct (human-reviewed)
EGAS00001000440	HELIC	Confirmed correct (human-reviewed)
EGAS00001000462	Born in Bradford	Confirmed correct (human-reviewed)
EGAS00001000498	MoBa	Confirmed correct (human-reviewed)
EGAS00001000561	ICGC PedBrain	Confirmed correct (human-reviewed)
EGAS00001000565	ICGC PedBrain	Confirmed correct (human-reviewed)
EGAS00001000574	SardiNIA	Confirmed correct (human-reviewed)
EGAS00001000595	1000 Genomes	Confirmed correct (human-reviewed)
EGAS00001000601	HELIC	Confirmed correct (human-reviewed)
EGAS00001000602	HELIC	Confirmed correct (human-reviewed)
EGAS00001000630	HELIC	Confirmed correct (human-reviewed)
EGAS00001000630	MANOLIS	Confirmed correct (human-reviewed)
EGAS00001000642	1000 Genomes	Confirmed correct (human-reviewed)
EGAS00001000658	HELIC	Confirmed correct (human-reviewed)
EGAS00001000671	ICGC	Confirmed correct (human-reviewed)
EGAS00001000672	People of the British Isles	Confirmed correct (human-reviewed)
EGAS00001000678	ICGC	Confirmed correct (human-reviewed)
EGAS00001000681	NELSON	Confirmed correct (human-reviewed)
EGAS00001000681	LifeLines	Confirmed correct (human-reviewed)
EGAS00001000687	HELIC	Confirmed correct (human-reviewed)
EGAS00001000687	MANOLIS	Confirmed correct (human-reviewed)
EGAS00001000688	HELIC	Confirmed correct (human-reviewed)
EGAS00001000706	ICGC	Confirmed correct (human-reviewed)
EGAS00001000709	ICGC	Confirmed correct (human-reviewed)
EGAS00001000744	ICGC	Confirmed correct (human-reviewed)
EGAS00001000772	ICGC	Confirmed correct (human-reviewed)
EGAS00001000825	INTERVAL study	Confirmed correct (human-reviewed)
EGAS00001000825	NHSBT	Confirmed correct (human-reviewed)
EGAS00001000853	Shanghai	Confirmed correct (human-reviewed)
EGAS00001000855	ICGC	Confirmed correct (human-reviewed)
EGAS00001000896	HELIC	Confirmed correct (human-reviewed)
EGAS00001000896	MANOLIS	Confirmed correct (human-reviewed)
EGAS00001000897	HELIC	Confirmed correct (human-reviewed)
EGAS00001000909	ICGC	Confirmed correct (human-reviewed)
EGAS00001000910	Lothian Birth Cohort	Confirmed correct (human-reviewed)
EGAS00001000910	Lothian Birth Cohorts	Confirmed correct (human-reviewed)
EGAS00001000913	Genetic Consortium for Anorexia Nervosa	Confirmed correct (human-reviewed)
EGAS00001000913	Psychiatric GWAS Consortium	Confirmed correct (human-reviewed)
EGAS00001000913	Wellcome Trust Case Control Consortium	Confirmed correct (human-reviewed)
EGAS00001000914	arcOGEN	Confirmed correct (human-reviewed)
EGAS00001000919	HELIC	Confirmed correct (human-reviewed)
EGAS00001000919	MANOLIS	Confirmed correct (human-reviewed)
EGAS00001000922	SCOOP Cohort	Confirmed correct (human-reviewed)
EGAS00001000923	SCOOP	Confirmed correct (human-reviewed)
EGAS00001000924	UKIBDGC	Confirmed correct (human-reviewed)
EGAS00001000936	Lund Stroke Register	Confirmed correct (human-reviewed)
EGAS00001000936	MDC	Confirmed correct (human-reviewed)
EGAS00001000936	Sahlgrenska Academy Study on Ischemic Stroke	Confirmed correct (human-reviewed)
EGAS00001000996	TEENs of Attica: Genes and Environment	Confirmed correct (human-reviewed)
EGAS00001001001	TEENs of Attica: Genes and Environment	Confirmed correct (human-reviewed)
EGAS00001001004	1000G	Confirmed correct (human-reviewed)
EGAS00001001017	arcOGEN	Confirmed correct (human-reviewed)
EGAS00001001018	TCGA	Confirmed correct (human-reviewed)
EGAS00001001036	Health and Retirement Study	Confirmed correct (human-reviewed)
EGAS00001001036	The English Longitudinal Study of Ageing	Confirmed correct (human-reviewed)
EGAS00001001042	ICGC	Confirmed correct (human-reviewed)
EGAS00001001046	FINRISK	Confirmed correct (human-reviewed)
EGAS00001001046	MORGAM	Confirmed correct (human-reviewed)
EGAS00001001046	MONICA	Confirmed correct (human-reviewed)
EGAS00001001047	FINRISK	Confirmed correct (human-reviewed)
EGAS00001001047	MORGAM	Confirmed correct (human-reviewed)
EGAS00001001047	MONICA	Confirmed correct (human-reviewed)
EGAS00001001117	NSPHS	Confirmed correct (human-reviewed)
EGAS00001001125	Orkney Complex Disease Study	Confirmed correct (human-reviewed)
EGAS00001001130	1000 Genomes	Confirmed correct (human-reviewed)
EGAS00001001130	HapMap	Confirmed correct (human-reviewed)
EGAS00001001134	ERF	Confirmed correct (human-reviewed)
EGAS00001001134	Genetic Research in Isolated	Confirmed correct (human-reviewed)
EGAS00001001156	TwinsUK	Confirmed correct (human-reviewed)
EGAS00001001158	Leeds Melanoma Cohort	Confirmed correct (human-reviewed)
EGAS00001001184	1000 Genomes	Confirmed correct (human-reviewed)
EGAS00001001194	TwinsUK	Confirmed correct (human-reviewed)
EGAS00001001195	ICGC	Confirmed correct (human-reviewed)
EGAS00001001207	HELIC	Confirmed correct (human-reviewed)
EGAS00001001207	MANOLIS	Confirmed correct (human-reviewed)
EGAS00001001208	HELIC	Confirmed correct (human-reviewed)
EGAS00001001224	HGI	Confirmed correct (human-reviewed)
EGAS00001001224	Oxford Biobank	Confirmed correct (human-reviewed)
EGAS00001001224	WTCCC	Confirmed correct (human-reviewed)
EGAS00001001230	PROMIS	Confirmed correct (human-reviewed)
EGAS00001001232	UK Household Longitudinal Study	Confirmed correct (human-reviewed)
EGAS00001001255	CONVERGE	Confirmed correct (human-reviewed)
EGAS00001001306	ICGC	Confirmed correct (human-reviewed)
EGAS00001001321	TCGA database	Confirmed correct (human-reviewed)
EGAS00001001355	INTERVAL study	Confirmed correct (human-reviewed)
EGAS00001001355	NHSBT	Confirmed correct (human-reviewed)
EGAS00001001394	ICGC MMML-Seq consortium	Confirmed correct (human-reviewed)
EGAS00001001431	ICGC	Confirmed correct (human-reviewed)
EGAS00001001464	TCGA	Confirmed correct (human-reviewed)
EGAS00001001487	ICGC	Confirmed correct (human-reviewed)
EGAS00001001571	ICGC	Confirmed correct (human-reviewed)
EGAS00001001600	ICGC	Confirmed correct (human-reviewed)
EGAS00001001684	UKIBDGC	Confirmed correct (human-reviewed)
EGAS00001001689	Flemish Gut Flora Project	Confirmed correct (human-reviewed)
EGAS00001001692	Cancer Genome Atlas	Confirmed correct (human-reviewed)
EGAS00001001692	ICGC	Confirmed correct (human-reviewed)
EGAS00001001693	Cancer Genome Atlas	Confirmed correct (human-reviewed)
EGAS00001001693	ICGC	Confirmed correct (human-reviewed)
EGAS00001001713	PAGE	Confirmed correct (human-reviewed)
EGAS00001001733	TEENAGE	Confirmed correct (human-reviewed)
EGAS00001001736	CONVERGE	Confirmed correct (human-reviewed)
EGAS00001001742	ICGC	Confirmed correct (human-reviewed)
EGAS00001001750	Flemish Gut Flora Project	Confirmed correct (human-reviewed)
EGAS00001001763	TwinsUK	Confirmed correct (human-reviewed)
EGAS00001001787	Cancer Genome Atlas	Confirmed correct (human-reviewed)
EGAS00001001846	Cancer Genome Atlas	Confirmed correct (human-reviewed)
EGAS00001001901	ICGC	Confirmed correct (human-reviewed)
EGAS00001001917	APCDR	Confirmed correct (human-reviewed)
EGAS00001001957	CARTaGENE	Confirmed correct (human-reviewed)
EGAS00001002058	Cancer Genome Atlas	Confirmed correct (human-reviewed)
EGAS00001002105	SardiNIA	Confirmed correct (human-reviewed)
EGAS00001002123	1000 Genomes	Confirmed correct (human-reviewed)
EGAS00001002123	ARIC	Confirmed correct (human-reviewed)
EGAS00001002123	GHS	Confirmed correct (human-reviewed)
EGAS00001002123	MARTHA	Confirmed correct (human-reviewed)
EGAS00001002123	PROCARDIS	Confirmed correct (human-reviewed)
EGAS00001002198	ICGC MMML-Seq	Confirmed correct (human-reviewed)
EGAS00001002199	ICGC	Confirmed correct (human-reviewed)
EGAS00001002212	SardiNIA	Confirmed correct (human-reviewed)
EGAS00001002218	ICGC LICA-CN	Confirmed correct (human-reviewed)
EGAS00001002250	UKHLS	Confirmed correct (human-reviewed)
EGAS00001002305	Ovarian Cancer Association Consortium	Confirmed correct (human-reviewed)
EGAS00001002311	ICGC Pancreatic Cancer study	Confirmed correct (human-reviewed)
EGAS00001002313	ICGC GACA-CN	Confirmed correct (human-reviewed)
EGAS00001002327	1000 Genomes	Confirmed correct (human-reviewed)
EGAS00001002373	CONVERGE	Confirmed correct (human-reviewed)
EGAS00001002380	STRUCTURE	Confirmed correct (human-reviewed)
EGAS00001002398	ICGC	Confirmed correct (human-reviewed)
EGAS00001002399	UK Biobank	Confirmed correct (human-reviewed)
EGAS00001002409	Leeds Melanoma Cohort	Confirmed correct (human-reviewed)
EGAS00001002422	ICGC	Confirmed correct (human-reviewed)
EGAS00001002425	ICGC	Confirmed correct (human-reviewed)
EGAS00001002461	INTERVAL study	Confirmed correct (human-reviewed)
EGAS00001002482	AWI-Gen	Confirmed correct (human-reviewed)
EGAS00001002543	COMPASS	Confirmed correct (human-reviewed)
EGAS00001002648	Flemish Gut Flora Project	Confirmed correct (human-reviewed)
EGAS00001002723	GOMAP	Confirmed correct (human-reviewed)
EGAS00001002746	BAMSE	Confirmed correct (human-reviewed)
EGAS00001002776	Hoorn Diabetes Care System	Confirmed correct (human-reviewed)
EGAS00001002787	INTERVAL study	Confirmed correct (human-reviewed)
EGAS00001002811	MEC	Confirmed correct (human-reviewed)
EGAS00001002817	PAGE	Confirmed correct (human-reviewed)
EGAS00001002851	ICGC	Confirmed correct (human-reviewed)
EGAS00001002852	ICGC	Confirmed correct (human-reviewed)
EGAS00001002880	EuroTARGET	Confirmed correct (human-reviewed)
EGAS00001002888	ICGC	Confirmed correct (human-reviewed)
EGAS00001002891	ICGC	Confirmed correct (human-reviewed)
EGAS00001002892	ICGC	Confirmed correct (human-reviewed)
EGAS00001002906	Oxford Biobank	Confirmed correct (human-reviewed)
EGAS00001002914	ICGC	Confirmed correct (human-reviewed)
EGAS00001002921	GenomeAsia 100K project	Confirmed correct (human-reviewed)
EGAS00001002922	Leeds Melanoma Cohort	Confirmed correct (human-reviewed)
EGAS00001002934	INTERVAL study	Confirmed correct (human-reviewed)
EGAS00001002968	ICGC	Confirmed correct (human-reviewed)
EGAS00001003018	GCAT	Confirmed correct (human-reviewed)
EGAS00001003019	ICGC	Confirmed correct (human-reviewed)
EGAS00001003026	Cancer Genome Atlas	Confirmed correct (human-reviewed)
EGAS00001003057	GCAT	Confirmed correct (human-reviewed)
EGAS00001003059	UK Biobank	Confirmed correct (human-reviewed)
EGAS00001003063	ICGC	Confirmed correct (human-reviewed)
EGAS00001003065	UKBEC	Confirmed correct (human-reviewed)
EGAS00001003077	SLSJ	Confirmed correct (human-reviewed)
EGAS00001003103	SLSJ	Confirmed correct (human-reviewed)
EGAS00001003216	International Multiple Sclerosis Genetics Consortium	Confirmed correct (human-reviewed)
EGAS00001003250	TCGA	Confirmed correct (human-reviewed)
EGAS00001003285	ICGC	Confirmed correct (human-reviewed)
EGAS00001003294	TCGA	Confirmed correct (human-reviewed)
EGAS00001003296	Flemish Gut Flora Project	Confirmed correct (human-reviewed)
EGAS00001003298	Flemish Gut Flora Project	Confirmed correct (human-reviewed)
EGAS00001003333	ICGC	Confirmed correct (human-reviewed)
EGAS00001003346	INTERVAL study	Confirmed correct (human-reviewed)
EGAS00001003373	ICGC	Confirmed correct (human-reviewed)
EGAS00001003430	Cancer Genome Atlas	Confirmed correct (human-reviewed)
EGAS00001003447	TCGA	Confirmed correct (human-reviewed)
EGAS00001003448	TCGA	Confirmed correct (human-reviewed)
EGAS00001003499	EXCEED	Confirmed correct (human-reviewed)
EGAS00001003578	EPIC	Confirmed correct (human-reviewed)
EGAS00001003592	CONVERGE	Confirmed correct (human-reviewed)
EGAS00001003635	Extremely Low Gestational Age Newborns	Confirmed correct (human-reviewed)
EGAS00001003685	ICGC	Confirmed correct (human-reviewed)
EGAS00001003686	ICGC	Confirmed correct (human-reviewed)
EGAS00001003748	COMPARE Study	Confirmed correct (human-reviewed)
EGAS00001003791	TCGA	Confirmed correct (human-reviewed)
EGAS00001003818	Lothian Birth Cohort	Confirmed correct (human-reviewed)
EGAS00001003819	Lothian Birth Cohort	Confirmed correct (human-reviewed)
EGAS00001003872	ORCADES	Confirmed correct (human-reviewed)
EGAS00001003872	Viking Health Study	Confirmed correct (human-reviewed)
EGAS00001003924	UK Biobank	Confirmed correct (human-reviewed)
EGAS00001003937	NICR	Confirmed correct (human-reviewed)
EGAS00001003937	UKCCS	Confirmed correct (human-reviewed)
EGAS00001004001	Cancer Genome Atlas	Confirmed correct (human-reviewed)
EGAS00001004009	TCGA	Confirmed correct (human-reviewed)
EGAS00001004009	AMC Cohort	Confirmed correct (human-reviewed)
EGAS00001004019	ICGC	Confirmed correct (human-reviewed)
EGAS00001004026	MDACC	Confirmed correct (human-reviewed)
EGAS00001004112	Brazilian Cohort	Confirmed correct (human-reviewed)
EGAS00001004217	MDACC	Confirmed correct (human-reviewed)
EGAS00001004248	Australian Ovarian Cancer Study	Confirmed correct (human-reviewed)
EGAS00001004307	Genomics England	Confirmed correct (human-reviewed)
EGAS00001004364	100,000 Genomes Project	Confirmed correct (human-reviewed)
EGAS00001004393	Cancer Genome Atlas	Confirmed correct (human-reviewed)
EGAS00001004410	DUNDEE	Confirmed correct (human-reviewed)
EGAS00001004420	Flemish Gut Flora Project	Confirmed correct (human-reviewed)
EGAS00001004453	Bruneck study	Confirmed correct (human-reviewed)
EGAS00001004560	HGI	Confirmed correct (human-reviewed)
EGAS00001004588	TCGA-HNSC	Confirmed correct (human-reviewed)
EGAS00001004588	HIPO-HNSC	Confirmed correct (human-reviewed)
EGAS00001004814	TCGA	Confirmed correct (human-reviewed)
EGAS00001004866	FINRISK	Confirmed correct (human-reviewed)
EGAS00001004869	PopCol	Confirmed correct (human-reviewed)
EGAS00001005020	FINRISK	Confirmed correct (human-reviewed)
EGAS00001005027	Dutch Microbiome Project	Confirmed correct (human-reviewed)
EGAS00001005027	LifeLines	Confirmed correct (human-reviewed)
EGAS00001005036	LifeLines	Confirmed correct (human-reviewed)
EGAS00001005038	FINRISK	Confirmed correct (human-reviewed)
EGAS00001005042	1000 Genomes	Confirmed correct (human-reviewed)
EGAS00001005101	FINRISK	Confirmed correct (human-reviewed)
EGAS00001005261	Cancer Genome Atlas	Confirmed correct (human-reviewed)
EGAS00001005262	TCGA	Confirmed correct (human-reviewed)
EGAS00001005273	Avon Longitudinal Study of Parents and Children	Confirmed correct (human-reviewed)
EGAS00001005273	Born in Bradford	Confirmed correct (human-reviewed)
EGAS00001005412	NSCCG	Confirmed correct (human-reviewed)
EGAS00001005421	COIN	Confirmed correct (human-reviewed)
EGAS00001005421	COIN-B	Confirmed correct (human-reviewed)
EGAS00001005421	NBS	Confirmed correct (human-reviewed)
EGAS00001005516	TCGA	Confirmed correct (human-reviewed)
EGAS00001005674	UK Biobank	Confirmed correct (human-reviewed)
EGAS00001005702	HapMap	Confirmed correct (human-reviewed)
EGAS00001005733	EuroTARGET	Confirmed correct (human-reviewed)
EGAS00001005744	ORIGIN	Confirmed correct (human-reviewed)
EGAS00001005753	Simons Simplex Collection	Confirmed correct (human-reviewed)
EGAS00001005797	Mexican Biobank	Confirmed correct (human-reviewed)
EGAS00001005829	MDACC	Confirmed correct (human-reviewed)
EGAS00001005860	SWEBIC	Confirmed correct (human-reviewed)
EGAS00001005900	Estonian Biobank	Confirmed correct (human-reviewed)
EGAS00001005951	MDACC	Confirmed correct (human-reviewed)
EGAS00001005969	LifeLines	Confirmed correct (human-reviewed)
EGAS00001006000	UK Biobank	Confirmed correct (human-reviewed)
EGAS00001006002	COH	Confirmed correct (human-reviewed)
EGAS00001006051	ICGC	Confirmed correct (human-reviewed)
EGAS00001006085	COH	Confirmed correct (human-reviewed)
EGAS00001006240	PIAMA	Confirmed correct (human-reviewed)
EGAS00001006403	Lothian Birth Cohorts	Confirmed correct (human-reviewed)
EGAS00001006410	PAMELA	Confirmed correct (human-reviewed)
EGAS00001006432	European Prospective Investigation into Cancer	Confirmed correct (human-reviewed)
EGAS00001006597	TCGA	Confirmed correct (human-reviewed)
EGAS00001006599	TCGA	Confirmed correct (human-reviewed)
EGAS00001006630	1000 Genomes	Confirmed correct (human-reviewed)
EGAS00001006659	Spit for Science	Confirmed correct (human-reviewed)
EGAS00001006666	Cancer Genome Atlas	Confirmed correct (human-reviewed)
EGAS00001006707	GENIE	Confirmed correct (human-reviewed)
EGAS00001006718	1000 Genomes	Confirmed correct (human-reviewed)
EGAS00001006978	Avon Longitudinal Study of Parents and Children	Confirmed correct (human-reviewed)
EGAS00001006978	Born in Bradford	Confirmed correct (human-reviewed)
EGAS00001007004	ICGC	Confirmed correct (human-reviewed)
EGAS00001007087	LifeLines	Confirmed correct (human-reviewed)
EGAS00001007321	Radar	Confirmed correct (human-reviewed)
EGAS00001007394	Cancer Genome Atlas	Confirmed correct (human-reviewed)
EGAS00001007398	TNT	Confirmed correct (human-reviewed)
EGAS00001007567	Korean Genome Project	Confirmed correct (human-reviewed)
EGAS00001007580	Korean Genome Project	Confirmed correct (human-reviewed)
EGAS00001007588	ALSPAC	Confirmed correct (human-reviewed)
EGAS00001007588	Born in Bradford	Confirmed correct (human-reviewed)
EGAS00001007588	Fenland	Confirmed correct (human-reviewed)
EGAS00001007594	TwinsUK	Confirmed correct (human-reviewed)
EGAS00001007595	TwinsUK	Confirmed correct (human-reviewed)
EGAS00001007640	ALSPAC	Confirmed correct (human-reviewed)
EGAS00001007640	Born in Bradford	Confirmed correct (human-reviewed)
EGAS00001007640	Fenland	Confirmed correct (human-reviewed)
EGAS00001007728	NCI Taiwan Cohort	Confirmed correct (human-reviewed)
EGAS00001007728	IARC	Confirmed correct (human-reviewed)
EGAS00001007729	NCI Taiwan Cohort	Confirmed correct (human-reviewed)
EGAS00001007729	IARC	Confirmed correct (human-reviewed)
EGAS00001007730	ESTAMPA Cohort	Confirmed correct (human-reviewed)
EGAS00001007731	ESTAMPA Cohort	Confirmed correct (human-reviewed)
EGAS00001007740	TwinsUK	Confirmed correct (human-reviewed)
EGAS00001007789	Avon Longitudinal Study of Parents and Children	Confirmed correct (human-reviewed)
EGAS00001007789	Born in Bradford	Confirmed correct (human-reviewed)
EGAS00001007822	ALSPAC	Confirmed correct (human-reviewed)
EGAS00001007822	Born in Bradford	Confirmed correct (human-reviewed)
EGAS00001007822	Fenland	Confirmed correct (human-reviewed)
EGAS00001007824	ALSPAC	Confirmed correct (human-reviewed)
EGAS00001007824	Born in Bradford	Confirmed correct (human-reviewed)
EGAS00001007915	NICOLA	Confirmed correct (human-reviewed)
EGAS00001007958	PROFILE	Confirmed correct (human-reviewed)
EGAS00001008017	VIVO Biobank	Confirmed correct (human-reviewed)
EGAS00001008019	VIVO Biobank	Confirmed correct (human-reviewed)
EGAS00001008043	CROATIA-Korcula Study	Confirmed correct (human-reviewed)
EGAS00001008068	ARIC	Confirmed correct (human-reviewed)
EGAS00001008117	MIRAGE	Confirmed correct (human-reviewed)
EGAS00001008117	Rotterdam Study	Confirmed correct (human-reviewed)
EGAS00001008122	Genomics England	Confirmed correct (human-reviewed)
EGAS00001008126	Genomics England	Confirmed correct (human-reviewed)
EGAS00001008156	VIVO Biobank	Confirmed correct (human-reviewed)
EGAS00001008175	Cancer Genome Atlas	Confirmed correct (human-reviewed)
EGAS00001008371	NeuroImmune Project	Confirmed correct (human-reviewed)
EGAS00001008387	VIVO Biobank	Confirmed correct (human-reviewed)
EGAS00001008409	TwinsUK	Confirmed correct (human-reviewed)
EGAS50000000198	FINRISK	Confirmed correct (human-reviewed)
EGAS50000000292	UK Biobank	Confirmed correct (human-reviewed)
EGAS50000000298	Genomics England	Confirmed correct (human-reviewed)
EGAS50000000496	1000 Genomes	Confirmed correct (human-reviewed)
EGAS50000000565	HapMap	Confirmed correct (human-reviewed)
EGAS50000000708	PANIC	Confirmed correct (human-reviewed)
EGAS50000000779	Cancer Genome Atlas	Confirmed correct (human-reviewed)
EGAS50000000798	EuroTARGET	Confirmed correct (human-reviewed)
EGAS50000000866	Extremely Low Gestational Age Newborns	Confirmed correct (human-reviewed)
EGAS50000000968	DIRECT	Confirmed correct (human-reviewed)
EGAS50000000984	Tumour Gene Project	Confirmed correct (human-reviewed)
EGAS50000001091	COMPASS	Confirmed correct (human-reviewed)
EGAS50000001270	ICR	Confirmed correct (human-reviewed)
EGAS50000001477	Breast Cancer Association Consortium	Confirmed correct (human-reviewed)
EGAS50000001505	IMMUcan	Confirmed correct (human-reviewed)
EGAS50000001533	IMMUcan	Confirmed correct (human-reviewed)
EGAS50000001558	IMMUcan	Confirmed correct (human-reviewed)
EGAS50000001587	IMMUcan	Confirmed correct (human-reviewed)
EGAS00000000115	WTCCC	Confirmed correct + cohort(s) added by reviewer
EGAS00000000115	1958 British Birth Cohort (58BC)	Confirmed correct + cohort(s) added by reviewer
EGAS00000000115	Hypertension cohort (HT)	Confirmed correct + cohort(s) added by reviewer
EGAS00000000115	Type 2 Diabetes Cohort (T2D)	Confirmed correct + cohort(s) added by reviewer
EGAS00000000115	Coronary Artery Disease (CAD) cohort	Confirmed correct + cohort(s) added by reviewer
EGAS00001000048	International Headache Genetics Consortium	Confirmed correct + cohort(s) added by reviewer
EGAS00001000048	EuroEPINOMICS	Confirmed correct + cohort(s) added by reviewer
EGAS00001000050	KORA	Confirmed correct + cohort(s) added by reviewer
EGAS00001000050	UKBS	Confirmed correct + cohort(s) added by reviewer
EGAS00001000050	WTCCC	Confirmed correct + cohort(s) added by reviewer
EGAS00001000050	Cardiogenics re-sequencing study	Confirmed correct + cohort(s) added by reviewer
EGAS00001000050	German MI cohort	Confirmed correct + cohort(s) added by reviewer
EGAS00001000050	UK BHF CAD/MI cohort	Confirmed correct + cohort(s) added by reviewer
EGAS00001000079	KORA	Confirmed correct + cohort(s) added by reviewer
EGAS00001000079	UKBS	Confirmed correct + cohort(s) added by reviewer
EGAS00001000079	WTCCC	Confirmed correct + cohort(s) added by reviewer
EGAS00001000079	Cardiogenics re-sequencing study	Confirmed correct + cohort(s) added by reviewer
EGAS00001000079	German MI cohort	Confirmed correct + cohort(s) added by reviewer
EGAS00001000079	UK BHF CAD/MI cohort	Confirmed correct + cohort(s) added by reviewer
EGAS00001000090	Avon Longitudinal Study of Parents and Children	Confirmed correct + cohort(s) added by reviewer
EGAS00001000090	TwinsUK	Confirmed correct + cohort(s) added by reviewer
EGAS00001000090	UK10K	Confirmed correct + cohort(s) added by reviewer
EGAS00001000101	ALSPAC	Confirmed correct + cohort(s) added by reviewer
EGAS00001000101	TwinsUK	Confirmed correct + cohort(s) added by reviewer
EGAS00001000101	UK10K	Confirmed correct + cohort(s) added by reviewer
EGAS00001000108	ALSPAC	Confirmed correct + cohort(s) added by reviewer
EGAS00001000108	TwinsUK	Confirmed correct + cohort(s) added by reviewer
EGAS00001000108	UK10K	Confirmed correct + cohort(s) added by reviewer
EGAS00001000109	ALSPAC	Confirmed correct + cohort(s) added by reviewer
EGAS00001000109	TwinsUK	Confirmed correct + cohort(s) added by reviewer
EGAS00001000109	UK10K	Confirmed correct + cohort(s) added by reviewer
EGAS00001000110	ALSPAC	Confirmed correct + cohort(s) added by reviewer
EGAS00001000110	TwinsUK	Confirmed correct + cohort(s) added by reviewer
EGAS00001000110	UK10K	Confirmed correct + cohort(s) added by reviewer
EGAS00001000112	ALSPAC	Confirmed correct + cohort(s) added by reviewer
EGAS00001000112	TwinsUK	Confirmed correct + cohort(s) added by reviewer
EGAS00001000112	UK10K	Confirmed correct + cohort(s) added by reviewer
EGAS00001000113	ALSPAC	Confirmed correct + cohort(s) added by reviewer
EGAS00001000113	TwinsUK	Confirmed correct + cohort(s) added by reviewer
EGAS00001000113	UK10K	Confirmed correct + cohort(s) added by reviewer
EGAS00001000115	ALSPAC	Confirmed correct + cohort(s) added by reviewer
EGAS00001000115	TwinsUK	Confirmed correct + cohort(s) added by reviewer
EGAS00001000115	UK10K	Confirmed correct + cohort(s) added by reviewer
EGAS00001000116	ALSPAC	Confirmed correct + cohort(s) added by reviewer
EGAS00001000116	Twins Early Development Study	Confirmed correct + cohort(s) added by reviewer
EGAS00001000116	TwinsUK	Confirmed correct + cohort(s) added by reviewer
EGAS00001000116	UK10K	Confirmed correct + cohort(s) added by reviewer
EGAS00001000117	ALSPAC	Confirmed correct + cohort(s) added by reviewer
EGAS00001000117	TwinsUK	Confirmed correct + cohort(s) added by reviewer
EGAS00001000117	UK10K	Confirmed correct + cohort(s) added by reviewer
EGAS00001000118	ALSPAC	Confirmed correct + cohort(s) added by reviewer
EGAS00001000118	TwinsUK	Confirmed correct + cohort(s) added by reviewer
EGAS00001000118	UK10K	Confirmed correct + cohort(s) added by reviewer
EGAS00001000119	ALSPAC	Confirmed correct + cohort(s) added by reviewer
EGAS00001000119	TwinsUK	Confirmed correct + cohort(s) added by reviewer
EGAS00001000119	UK10K	Confirmed correct + cohort(s) added by reviewer
EGAS00001000120	ALSPAC	Confirmed correct + cohort(s) added by reviewer
EGAS00001000120	TwinsUK	Confirmed correct + cohort(s) added by reviewer
EGAS00001000120	UK10K	Confirmed correct + cohort(s) added by reviewer
EGAS00001000121	ALSPAC	Confirmed correct + cohort(s) added by reviewer
EGAS00001000121	MFS	Confirmed correct + cohort(s) added by reviewer
EGAS00001000121	TwinsUK	Confirmed correct + cohort(s) added by reviewer
EGAS00001000121	UK10K	Confirmed correct + cohort(s) added by reviewer
EGAS00001000122	ALSPAC	Confirmed correct + cohort(s) added by reviewer
EGAS00001000122	TwinsUK	Confirmed correct + cohort(s) added by reviewer
EGAS00001000122	UK10K	Confirmed correct + cohort(s) added by reviewer
EGAS00001000123	ALSPAC	Confirmed correct + cohort(s) added by reviewer
EGAS00001000123	TwinsUK	Confirmed correct + cohort(s) added by reviewer
EGAS00001000123	UK10K	Confirmed correct + cohort(s) added by reviewer
EGAS00001000124	ALSPAC	Confirmed correct + cohort(s) added by reviewer
EGAS00001000124	SCOOP Cohort	Confirmed correct + cohort(s) added by reviewer
EGAS00001000124	TwinsUK	Confirmed correct + cohort(s) added by reviewer
EGAS00001000124	UK10K	Confirmed correct + cohort(s) added by reviewer
EGAS00001000125	ALSPAC	Confirmed correct + cohort(s) added by reviewer
EGAS00001000125	TwinsUK	Confirmed correct + cohort(s) added by reviewer
EGAS00001000125	UK10K	Confirmed correct + cohort(s) added by reviewer
EGAS00001000126	ALSPAC	Confirmed correct + cohort(s) added by reviewer
EGAS00001000126	TwinsUK	Confirmed correct + cohort(s) added by reviewer
EGAS00001000126	UK10K	Confirmed correct + cohort(s) added by reviewer
EGAS00001000127	ALSPAC	Confirmed correct + cohort(s) added by reviewer
EGAS00001000127	TwinsUK	Confirmed correct + cohort(s) added by reviewer
EGAS00001000127	UK10K	Confirmed correct + cohort(s) added by reviewer
EGAS00001000128	ALSPAC	Confirmed correct + cohort(s) added by reviewer
EGAS00001000128	TwinsUK	Confirmed correct + cohort(s) added by reviewer
EGAS00001000128	UK10K	Confirmed correct + cohort(s) added by reviewer
EGAS00001000129	ALSPAC	Confirmed correct + cohort(s) added by reviewer
EGAS00001000129	TwinsUK	Confirmed correct + cohort(s) added by reviewer
EGAS00001000129	UK10K	Confirmed correct + cohort(s) added by reviewer
EGAS00001000130	ALSPAC	Confirmed correct + cohort(s) added by reviewer
EGAS00001000130	TwinsUK	Confirmed correct + cohort(s) added by reviewer
EGAS00001000130	UK10K	Confirmed correct + cohort(s) added by reviewer
EGAS00001000137	ENGAGE	Confirmed correct + cohort(s) added by reviewer
EGAS00001000137	FINRISK	Confirmed correct + cohort(s) added by reviewer
EGAS00001000137	Health 2000	Confirmed correct + cohort(s) added by reviewer
EGAS00001000137	Health2000	Confirmed correct + cohort(s) added by reviewer
EGAS00001000143	FINRISK -The Low coverage Kuusamo whole genome sequencing study	Confirmed correct + cohort(s) added by reviewer
EGAS00001000190	International Headache Genetics Consortium	Confirmed correct + cohort(s) added by reviewer
EGAS00001000190	EuroEPINOMICS	Confirmed correct + cohort(s) added by reviewer
EGAS00001000225	ALSPAC	Confirmed correct + cohort(s) added by reviewer
EGAS00001000225	TwinsUK	Confirmed correct + cohort(s) added by reviewer
EGAS00001000225	UK10K	Confirmed correct + cohort(s) added by reviewer
EGAS00001000242	ALSPAC	Confirmed correct + cohort(s) added by reviewer
EGAS00001000242	TwinsUK	Confirmed correct + cohort(s) added by reviewer
EGAS00001000242	UK10K	Confirmed correct + cohort(s) added by reviewer
EGAS00001000306	ALSPAC	Confirmed correct + cohort(s) added by reviewer
EGAS00001000306	TwinsUK	Confirmed correct + cohort(s) added by reviewer
EGAS00001000306	UK10K	Confirmed correct + cohort(s) added by reviewer
EGAS00001000307	Avon Longitudinal Study of Parents and Children	Confirmed correct + cohort(s) added by reviewer
EGAS00001000307	TwinsUK	Confirmed correct + cohort(s) added by reviewer
EGAS00001000307	UK10K	Confirmed correct + cohort(s) added by reviewer
EGAS00001000319	ALSPAC	Confirmed correct + cohort(s) added by reviewer
EGAS00001000319	TwinsUK	Confirmed correct + cohort(s) added by reviewer
EGAS00001000319	UK10K	Confirmed correct + cohort(s) added by reviewer
EGAS00001000320	ALSPAC	Confirmed correct + cohort(s) added by reviewer
EGAS00001000320	TwinsUK	Confirmed correct + cohort(s) added by reviewer
EGAS00001000320	UK10K	Confirmed correct + cohort(s) added by reviewer
EGAS00001000321	ALSPAC	Confirmed correct + cohort(s) added by reviewer
EGAS00001000321	TwinsUK	Confirmed correct + cohort(s) added by reviewer
EGAS00001000321	UK10K	Confirmed correct + cohort(s) added by reviewer
EGAS00001000321	The Rare Neuromuscular Disorders cohort	Confirmed correct + cohort(s) added by reviewer
EGAS00001000386	International Headache Genetics Consortium	Confirmed correct + cohort(s) added by reviewer
EGAS00001000386	EuroEPINOMICS	Confirmed correct + cohort(s) added by reviewer
EGAS00001000417	InterPregGen	Confirmed correct + cohort(s) added by reviewer
EGAS00001000888	TCGA	Confirmed correct + cohort(s) added by reviewer
EGAS00001000888	Pca Cohort	Confirmed correct + cohort(s) added by reviewer
EGAS00001000888	NEW (65 Asian Prostate Cancer Patients)	Confirmed correct + cohort(s) added by reviewer
EGAS00001000939	TCGA	Confirmed correct + cohort(s) added by reviewer
EGAS00001000939	Pca Cohort	Confirmed correct + cohort(s) added by reviewer
EGAS00001000939	NEW (65 Asian Prostate Cancer Patients)	Confirmed correct + cohort(s) added by reviewer
EGAS00001001048	Icelandic	Confirmed correct + cohort(s) added by reviewer
EGAS00001001048	InterPregGen	Confirmed correct + cohort(s) added by reviewer
EGAS00001001245	EPIGEN-Brazil Initiative	Confirmed correct + cohort(s) added by reviewer
EGAS00001001266	InterPregGen	Confirmed correct + cohort(s) added by reviewer
EGAS00001001569	TwinsUK	Confirmed correct + cohort(s) added by reviewer
EGAS00001001569	MuTHER	Confirmed correct + cohort(s) added by reviewer
EGAS00001002084	1000 Genomes	Confirmed correct + cohort(s) added by reviewer
EGAS00001002084	African Genome Variation project	Confirmed correct + cohort(s) added by reviewer
EGAS00001002085	1000 Genomes	Confirmed correct + cohort(s) added by reviewer
EGAS00001002085	African Genome Variation project	Confirmed correct + cohort(s) added by reviewer
EGAS00001002169	BAMSE	Confirmed correct + cohort(s) added by reviewer
EGAS00001002169	EDEN	Confirmed correct + cohort(s) added by reviewer
EGAS00001002169	INMA	Confirmed correct + cohort(s) added by reviewer
EGAS00001002169	PIAMA	Confirmed correct + cohort(s) added by reviewer
EGAS00001002169	MeDALL (Mechanisms of the Development of ALLergy)	Confirmed correct + cohort(s) added by reviewer
EGAS00001002336	ICR	Confirmed correct + cohort(s) added by reviewer
EGAS00001002336	SORCE	Confirmed correct + cohort(s) added by reviewer
EGAS00001002336	Wellcome Trust Case Control Consortium	Confirmed correct + cohort(s) added by reviewer
EGAS00001002336	1958 Birth Cohort	Confirmed correct + cohort(s) added by reviewer
EGAS00001002336	UK Blood Service Control Group	Confirmed correct + cohort(s) added by reviewer
EGAS00001002624	1000G	Confirmed correct + cohort(s) added by reviewer
EGAS00001002624	SCOOP	Confirmed correct + cohort(s) added by reviewer
EGAS00001002624	UKHLS	Confirmed correct + cohort(s) added by reviewer
EGAS00001002624	Study Into Lean and Thin Subjects (STILTS)	Confirmed correct + cohort(s) added by reviewer
EGAS00001002986	SLSJ astham familial cohort	Confirmed correct + cohort(s) added by reviewer
EGAS00001002986	asthma familial cohort	Confirmed correct + cohort(s) added by reviewer
EGAS00001006518	TCGA	Confirmed correct + cohort(s) added by reviewer
EGAS00001006518	Malaysian hospital-based cohort (MyBrCa)	Confirmed correct + cohort(s) added by reviewer
EGAS00001007563	CALGB 40601	Confirmed correct + cohort(s) added by reviewer
EGAS00001007563	NeoALTTO	Confirmed correct + cohort(s) added by reviewer
EGAS50000000906	Northern Sweden Population Health Study	Confirmed correct + cohort(s) added by reviewer
EGAS50000000906	Swedish Twin Registry - SweGen (subproject).	Confirmed correct + cohort(s) added by reviewer
EGAS50000001181	Estonian Biobank	Confirmed correct + cohort(s) added by reviewer
EGAS50000001181	Estonian Microbiome cohort	Confirmed correct + cohort(s) added by reviewer
EGAS00000000092	ICGC - The Chronic Lymphocytic Leukemia (CLL) Genome Project	Corrected by reviewer
EGAS00000000102	TwinsUK	Corrected by reviewer
EGAS00000000102	MolPAGE	Corrected by reviewer
EGAS00000000137	MRCE family panel	Corrected by reviewer
EGAS00001000016	GENCODE Consortium	Corrected by reviewer
EGAS00001000043	CARDIOGRAM	Corrected by reviewer
EGAS00001000070	ICGC - The Chronic Lymphocytic Leukemia (CLL) Genome Project	Corrected by reviewer
EGAS00001000083	ICGC - CAGEKID: Cancer Genomics of the Kidney	Corrected by reviewer
EGAS00001000215	ICGC	Corrected by reviewer
EGAS00001000249	ICGC - India Project	Corrected by reviewer
EGAS00001000262	ICGC Prostate Group	Corrected by reviewer
EGAS00001000286	APCDR AGVP	Corrected by reviewer
EGAS00001000363	African Genome Variation Project (AGVP)	Corrected by reviewer
EGAS00001000381	ICGC PedBrain	Corrected by reviewer
EGAS00001000394	ICGC - MMML-Seq Consortium	Corrected by reviewer
EGAS00001000416	WWTC	Corrected by reviewer
EGAS00001000545	African Genome Variation Project (AGVP)	Corrected by reviewer
EGAS00001000629	Genomic Epidemiology of Malaria Project	Corrected by reviewer
EGAS00001000631	Genomic Epidemiology of Malaria Project	Corrected by reviewer
EGAS00001000631	MalariaGEN	Corrected by reviewer
EGAS00001000632	Genomic Epidemiology of Malaria Project	Corrected by reviewer
EGAS00001000632	MalariaGEN	Corrected by reviewer
EGAS00001000633	Genomic Epidemiology of Malaria Project	Corrected by reviewer
EGAS00001000634	Genomic Epidemiology of Malaria Project	Corrected by reviewer
EGAS00001000634	MalariaGEN	Corrected by reviewer
EGAS00001000635	Genomic Epidemiology of Malaria Project	Corrected by reviewer
EGAS00001000636	Genomic Epidemiology of Malaria Project	Corrected by reviewer
EGAS00001000637	MalariaGEN	Corrected by reviewer
EGAS00001000637	Genomic Epidemiology of Malaria Project	Corrected by reviewer
EGAS00001000638	MalariaGEN	Corrected by reviewer
EGAS00001000638	Genomic Epidemiology of Malaria Project	Corrected by reviewer
EGAS00001000639	MalariaGEN	Corrected by reviewer
EGAS00001000639	Genomic Epidemiology of Malaria Project	Corrected by reviewer
EGAS00001000640	MalariaGEN	Corrected by reviewer
EGAS00001000640	Genomic Epidemiology of Malaria Project	Corrected by reviewer
EGAS00001000724	ICGC Oesophageal Adenocarcinoma - tumour samples	Corrected by reviewer
EGAS00001000725	ICGC Oesophageal Adenocarcinoma - tumour samples	Corrected by reviewer
EGAS00001000726	ICGC Oesophageal Adenocarcinoma - tumour samples	Corrected by reviewer
EGAS00001000727	ICGC Oesophageal Adenocarcinoma - tumour samples	Corrected by reviewer
EGAS00001000770	APCDR Uganda	Corrected by reviewer
EGAS00001000929	APCDR	Corrected by reviewer
EGAS00001000929	Genome Diversity in Africa Project	Corrected by reviewer
EGAS00001000959	APCDR AGVP	Corrected by reviewer
EGAS00001000960	APCDR AGVP	Corrected by reviewer
EGAS00001001028	ICGC India	Corrected by reviewer
EGAS00001001139	ICGC PedBrain	Corrected by reviewer
EGAS00001001225	CARDIoGRAMplusC4D	Corrected by reviewer
EGAS00001001226	CARDIoGRAMplusC4D	Corrected by reviewer
EGAS00001001460	T2D-GENES (Type 2 Diabetes Genetic Exploration by Next-generation sequencing in multi-Ethnic Samples)	Corrected by reviewer
EGAS00001001478	UBKEC consortium	Corrected by reviewer
EGAS00001001558	APCDR Uganda	Corrected by reviewer
EGAS00001001651	ICGA, Cancer Genome Atlas, Pancancer Analysis of Whole Genomes (PCAWG)	Corrected by reviewer
EGAS00001001667	ICR MOPOPGEN UK exome control series	Corrected by reviewer
EGAS00001001704	LifelinesDEEP	Corrected by reviewer
EGAS00001001704	LifeLines DEEP	Corrected by reviewer
EGAS00001001707	ICGA, Cancer Genome Atlas, Pancancer Analysis of Whole Genomes (PCAWG)	Corrected by reviewer
EGAS00001001722	ICGA, Cancer Genome Atlas, Pancancer Analysis of Whole Genomes (PCAWG)	Corrected by reviewer
EGAS00001001924	Maastricht IBS studies	Corrected by reviewer
EGAS00001002158	ORGANOIDS	Corrected by reviewer
EGAS00001002161	ICGC	Corrected by reviewer
EGAS00001002161	Methylation of Ewing sarcoma tumors Study	Corrected by reviewer
EGAS00001002271	ICGC GCS	Corrected by reviewer
EGAS00001002465	AGR Project	Corrected by reviewer
EGAS00001002548	1000G	Corrected by reviewer
EGAS00001002548	HapMap	Corrected by reviewer
EGAS00001002583	APCDR Durban Diabetes Study (DDS)	Corrected by reviewer
EGAS00001002602	TrypanoGEN project	Corrected by reviewer
EGAS00001002619	The Singapore Living Biobank	Corrected by reviewer
EGAS00001002619	MEC	Corrected by reviewer
EGAS00001002784	ORGANOIDS	Corrected by reviewer
EGAS00001002836	The UK Household Longitudinal Study	Corrected by reviewer
EGAS00001002937	GoDARTS	Corrected by reviewer
EGAS00001002937	NIDDK	Corrected by reviewer
EGAS00001002937	SIGMA	Corrected by reviewer
EGAS00001003283	Entebbe Mother and Baby (EMaB) study	Corrected by reviewer
EGAS00001003389	The Medical Genome Reference BioBank	Corrected by reviewer
EGAS00001003421	STREP GENE: Genetics and Severe Streptococcal Infections	Corrected by reviewer
EGAS00001003424	GR@ACE	Corrected by reviewer
EGAS00001003511	The Medical Genome Reference BioBank	Corrected by reviewer
EGAS00001003741	EMC-DC-IL10R study	Corrected by reviewer
EGAS00001003777	Donor InSight III study	Corrected by reviewer
EGAS00001003875	SG10K Pilot	Corrected by reviewer
EGAS00001003939	LifeLines	Corrected by reviewer
EGAS00001003943	LifeLines	Corrected by reviewer
EGAS00001003944	LifeLines	Corrected by reviewer
EGAS00001004792	Princess Margaret Cancer Centre human acute myeloid leukemia patient cohort	Corrected by reviewer
EGAS00001004803	Princess Margaret Cancer Centre human acute myeloid leukemia patient cohort	Corrected by reviewer
EGAS00001004812	MESOMICS Project	Corrected by reviewer
EGAS00001004870	NIHR BioResource Common Disease Patients 2016	Corrected by reviewer
EGAS00001004964	Initiative for Molecular Profiling and Advanced Cancer Therapy 2 (IMPACT 2) Study	Corrected by reviewer
EGAS00001005076	Liverpool Preterm Birth Biomarker Study	Corrected by reviewer
EGAS00001005304	COVID19 Host Genetic Initiative	Corrected by reviewer
EGAS00001005836	DKTK MASTER	Corrected by reviewer
EGAS00001005836	German Cancer Consortium	Corrected by reviewer
EGAS00001005973	THE PHASE II GMMG-BIRMA TRIAL (Hipo_K08K)	Corrected by reviewer
EGAS00001005979	lungNENomics	Corrected by reviewer
EGAS00001006210	LifeLines	Corrected by reviewer
EGAS00001006266	Covid19 - Human Genetics Initiative	Corrected by reviewer
EGAS00001006266	COVID19 HGI	Corrected by reviewer
EGAS00001006390	HAPIEE (Health, Alcohol and Psychosocial factors In Eastern Europe) study	Corrected by reviewer
EGAS00001006554	ORGANOIDS	Corrected by reviewer
EGAS00001006624	SCOT	Corrected by reviewer
EGAS00001007021	LifeLines DEEP	Corrected by reviewer
EGAS00001007406	Genome Database of Latvian Population	Corrected by reviewer
EGAS00001007507	CENet Cohort	Corrected by reviewer
EGAS00001007592	LifeLines	Corrected by reviewer
EGAS00001007710	Nala GSI GSAv3 PGx Study	Corrected by reviewer
EGAS00001008039	ORGANOIDS	Corrected by reviewer
EGAS00001008216	Cambridge Biorepository for Translational Medicine (CBTM)	Corrected by reviewer
EGAS00001008228	Cambridge Biorepository for Translational Medicine (CBTM)	Corrected by reviewer
EGAS50000000133	LifeLines	Corrected by reviewer
EGAS50000000478	BALLETT (Belgian Approach of Local Laboratory Extensive Tumor Testing)	Corrected by reviewer
EGAS50000000525	ALTTO clinical trial	Corrected by reviewer
EGAS50000000795	HELIUS cohort study	Corrected by reviewer
EGAS50000000796	HELIUS cohort study	Corrected by reviewer
EGAS50000000805	RODAM	Corrected by reviewer
EGAS50000000878	CARE - Canadian Airways Research Group	Corrected by reviewer
EGAS50000000879	CARE - Canadian Airways Research Group	Corrected by reviewer
EGAS50000000959	CeDNN	Corrected by reviewer
EGAS50000000959	Lifelines Dutch Microbiome Project	Corrected by reviewer
EGAS50000001205	CORSA	Corrected by reviewer
EGAS00001000086	FINRISK	Corrected by reviewer (edited match text)
EGAS00001000086	MORGAM	Corrected by reviewer (edited match text)
EGAS00001000086	MONICA	Corrected by reviewer (edited match text)
EGAS00001000458	INGI - Italian Network of Genetic Isolates	Corrected by reviewer (edited match text)
EGAS00001000460	INGI - Italian Network of Genetic Isolates	Corrected by reviewer (edited match text)
EGAS00001001888	Born in Bradford	Corrected by reviewer (edited match text)
EGAS00001002584	APCDR Diabetes Case Control Study	Corrected by reviewer (edited match text)
EGAS00001003583	PIVUS	Corrected by reviewer (edited match text)
EGAS00001005795	TCGA PANCAN	Corrected by reviewer (edited match text)
EGAS00001005839	Simons Simplex Collection	Corrected by reviewer (edited match text)
EGAS00001007667	BEACON eczema drug trial	Corrected by reviewer (edited match text)
EGAS00001007668	BEACON eczema drug trial	Corrected by reviewer (edited match text)
EGAS00001007669	BEACON eczema drug trial	Corrected by reviewer (edited match text)
EGAS00001007976	BEACON eczema drug trial	Corrected by reviewer (edited match text)
EGAS50000000830	CRC TCGA	Corrected by reviewer (edited match text)
EGAS50000001102	TCGA	Corrected by reviewer (edited match text)
EGAS50000001689	ASAP Collaborative Research Network	Corrected by reviewer (edited match text)
EGAS00001000162	FINRISK	Corrected by reviewer (removed non-cohort/incorrect term)
EGAS00001000162	Health2000	Corrected by reviewer (removed non-cohort/incorrect term)
EGAS00001000229	FINRISK	Corrected by reviewer (removed non-cohort/incorrect term)
EGAS00001000229	Health2000	Corrected by reviewer (removed non-cohort/incorrect term)
EGAS00001001229	THISEAS	Corrected by reviewer (removed non-cohort/incorrect term)
EGAS00001007722	NCI China	Corrected by reviewer (removed non-cohort/incorrect term)
EGAS00001007723	NCI China	Corrected by reviewer (removed non-cohort/incorrect term)
EGAS00001007724	NCI China	Corrected by reviewer (removed non-cohort/incorrect term)
EGAS00001007725	NCI China	Corrected by reviewer (removed non-cohort/incorrect term)
EGAS00001007726	NCI China	Corrected by reviewer (removed non-cohort/incorrect term)
EGAS00001007727	NCI China	Corrected by reviewer (removed non-cohort/incorrect term)
EGAS00000000001	WTCCC	Confirmed correct (human-reviewed; cohort name normalised to its acronym)
EGAS00000000002	WTCCC	Confirmed correct (human-reviewed; cohort name normalised to its acronym)
EGAS00000000003	WTCCC	Confirmed correct (human-reviewed; cohort name normalised to its acronym)
EGAS00000000004	WTCCC	Confirmed correct (human-reviewed; cohort name normalised to its acronym)
EGAS00000000005	WTCCC	Confirmed correct (human-reviewed; cohort name normalised to its acronym)
EGAS00000000006	WTCCC	Confirmed correct (human-reviewed; cohort name normalised to its acronym)
EGAS00000000007	WTCCC	Confirmed correct (human-reviewed; cohort name normalised to its acronym)
EGAS00000000008	WTCCC	Confirmed correct (human-reviewed; cohort name normalised to its acronym)
EGAS00000000009	WTCCC	Confirmed correct (human-reviewed; cohort name normalised to its acronym)
EGAS00000000010	WTCCC	Confirmed correct (human-reviewed; cohort name normalised to its acronym)
EGAS00000000011	WTCCC	Confirmed correct (human-reviewed; cohort name normalised to its acronym)
EGAS00000000012	WTCCC	Confirmed correct (human-reviewed; cohort name normalised to its acronym)
EGAS00000000013	WTCCC	Confirmed correct (human-reviewed; cohort name normalised to its acronym)
EGAS00000000014	WTCCC	Confirmed correct (human-reviewed; cohort name normalised to its acronym)
EGAS00000000015	WTCCC	Confirmed correct (human-reviewed; cohort name normalised to its acronym)
EGAS00000000016	WTCCC	Confirmed correct (human-reviewed; cohort name normalised to its acronym)
EGAS00000000017	WTCCC	Confirmed correct (human-reviewed; cohort name normalised to its acronym)
EGAS00000000018	WTCCC	Confirmed correct (human-reviewed; cohort name normalised to its acronym)
EGAS00000000019	WTCCC	Confirmed correct (human-reviewed; cohort name normalised to its acronym)
EGAS00000000020	WTCCC	Confirmed correct (human-reviewed; cohort name normalised to its acronym)
EGAS00000000021	WTCCC	Confirmed correct (human-reviewed; cohort name normalised to its acronym)
EGAS00000000022	WTCCC	Confirmed correct (human-reviewed; cohort name normalised to its acronym)
EGAS00000000023	WTCCC	Confirmed correct (human-reviewed; cohort name normalised to its acronym)
EGAS00000000024	WTCCC	Confirmed correct (human-reviewed; cohort name normalised to its acronym)
EGAS00000000025	WTCCC	Confirmed correct (human-reviewed; cohort name normalised to its acronym)
EGAS00000000027	WTCCC	Confirmed correct (human-reviewed; cohort name normalised to its acronym)
EGAS00000000097	WTCCC	Confirmed correct (human-reviewed; cohort name normalised to its acronym)
EGAS00001001321	TCGA	Confirmed correct (human-reviewed; cohort name normalised to its acronym)
EGAS00001001394	ICGC	Confirmed correct (human-reviewed; cohort name normalised to its acronym)
EGAS00001001712	TCGA	Confirmed correct (human-reviewed; cohort name normalised to its acronym)
EGAS00001002198	ICGC	Confirmed correct (human-reviewed; cohort name normalised to its acronym)
EGAS00001002218	ICGC	Confirmed correct (human-reviewed; cohort name normalised to its acronym)
EGAS00001002227	TCGA	Confirmed correct (human-reviewed; cohort name normalised to its acronym)
EGAS00001002311	ICGC	Confirmed correct (human-reviewed; cohort name normalised to its acronym)
EGAS00001002313	ICGC	Confirmed correct (human-reviewed; cohort name normalised to its acronym)
EGAS00001002746	Children, Allergy, Milieu, Stockholm, Epidemiology	Confirmed correct (human-reviewed; cohort name normalised to its acronym)
