ID	label	verdict	example study	PMID	quote	URL	quote verified	confidence	remark
COHO:0000002	1000 Genomes	confirmed, upheld on re-review	EGAS00001000642	PMID:25236618	sequence data from the 1000 Genomes Project	https://ega-archive.org/studies/EGAS00001000642	yes	high	
COHO:0000003	AddNeuroMed Cohort	found	GCST000897	PMID:21116278	the AddNeuroMed study	https://www.ncbi.nlm.nih.gov/research/bionlp/RESTful/pmcoa.cgi/BioC_xml/PMC5980656/unicode	yes	high	
COHO:0000004	Adenoma Prevention with Celecoxib trail	found		PMID:19336730	The Adenoma Prevention with Celecoxib (APC) Trial examined the efficacy and safety	https://www.ncbi.nlm.nih.gov/research/bionlp/RESTful/pmcoa.cgi/BioC_xml/PMC2976587/unicode	yes	high	
COHO:0000005	Advanced Study of Aortic Pathology	replaced	GCST003877	PMID:27899403	eQTL data were also obtained from the ASAP (Advanced Study of Aortic Pathology) data set	https://europepmc.org/articles/PMC5253231	yes	low	Replacement explicitly uses ASAP vascular expression data. Original catalog lists ASAP, but its supplementary cohort description could not be accessed.
COHO:0000006	Africa Wits-INDEPTH partnership for Genomics studies	confirmed, upheld on re-review	GCST90092502	PMID:35165267	Africa Wits-INDEPTH Partnership for Genomic Studies cohort	https://www.ebi.ac.uk/europepmc/webservices/rest/PMC8844072/fullTextXML	yes	high	
COHO:0000007	Arthritis Research UK Osteoarthritis Genetics	confirmed, upheld on re-review	GCST90034524	PMID:34450027	Arthritis Research UK Osteoarthritis Genetics	https://www.ebi.ac.uk/europepmc/webservices/rest/PMC8459317/fullTextXML	yes	high	
COHO:0000008	Asian Cancer Project	found		PMID:24943594	Asian Cancer Project (ACP)	https://www.ncbi.nlm.nih.gov/research/bionlp/RESTful/pmcoa.cgi/BioC_xml/PMC4204770/unicode	yes	high	
COHO:0000009	Aspirin for Asymptomatic Atherosclerosis Study	found		PMID:18762476	aspirin for asymptomatic atherosclerosis (AAA) trial	https://europepmc.org/articles/PMC2527654	yes	high	
COHO:0000010	AtheroExpress	found		PMID:33784435	AtheroExpress biobank for the current study	https://www.ncbi.nlm.nih.gov/research/bionlp/RESTful/pmcoa.cgi/BioC_xml/PMC8360163/unicode	yes	high	
COHO:0000011	Atherosclerosis Risk in Communities Study	confirmed, upheld on re-review	GCST90134328	PMID:35769078	among prediabetes participants of the Atherosclerosis Risk in Communities Study	https://www.ebi.ac.uk/europepmc/webservices/rest/PMC9234217/fullTextXML	yes	high	
COHO:0000012	Atopic Dermatitis Research Network	found	GCST90091054	PMID:34536413	Atopic Dermatitis Research Network (ADRN)	https://www.ncbi.nlm.nih.gov/research/bionlp/RESTful/pmcoa.cgi/BioC_xml/PMC8665111/unicode	yes	high	
COHO:0000013	Australia Cancer Study	found	GCST000802	PMID:20852632	the Australian Cancer Study (ACS) Management Group	https://eutils.ncbi.nlm.nih.gov/entrez/eutils/efetch.fcgi?db=pmc&id=3020231	yes	high	
COHO:0000014	Australian Ovarian Cancer Study	confirmed, upheld on re-review	EGAS00001004248		Whole-exome sequencing dataset for the Australian Ovarian Cancer Study	https://ega-archive.org/studies/EGAS00001004248	yes	high	
COHO:0000015	Australian Twin Registry	found	GCST000289	PMID:19060911	Australian twin registry	https://www.ncbi.nlm.nih.gov/research/bionlp/RESTful/pmcoa.cgi/BioC_xml/PMC2687074/unicode	yes	high	
COHO:0000016	Avon Longitudinal Study of Parents and Children	confirmed, upheld on re-review	EGAS00001005273		Avon Longitudinal Study of Parents and Children	https://ega-archive.org/studies/EGAS00001005273	yes	high	
COHO:0000017	Berlin_Frankfurt_Munster trials	found	GCST003798	PMID:27694927	ascertained through the Berlin–Frankfurt–Münster (BFM) trials (1993–2004)	https://eutils.ncbi.nlm.nih.gov/entrez/eutils/efetch.fcgi?db=pmc&id=5336191	yes	high	
COHO:0000018	Bladder Cancer Prognosis Programme	replaced	EGAS00001004358	PMID:35655252	as part of the Bladder Cancer Prognosis Programme (BCPP)	https://europepmc.org/articles/PMC9164468	yes	low	Replacement is a BCPP sequencing study with released EGA RNA data. Original catalog lists BCPP, but original full cohort description could not be accessed.
COHO:0000019	Brazilian Cohort	confirmed, unverified on re-review	EGAS00001004112		identified in at least one individual in this Brazilian Cohort	https://ega-archive.org/studies/EGAS00001004112	yes	low	Identity unresolved: this is a descriptive phrase for 45 Brazilian babies, not an identifiable named cohort; COHO and list.tsv provide no provenance linking their generic label to these participants.
COHO:0000020	Breast Cancer Association Consortium	confirmed, upheld on re-review	EGAS50000001477		17,265 breast cancer patients of European descent, from studies participating in the Breast Cancer Association Consortium	https://ega-archive.org/studies/EGAS50000001477	yes	high	
COHO:0000021	Bruneck study	confirmed, upheld on re-review	EGAS00001004453		Elderly microbiome from the Bruneck study	https://ega-archive.org/studies/EGAS00001004453	yes	high	
COHO:0000022	Cancer and Leukemia Group B	confirmed, upheld on re-review	GCST90020034	PMID:34528705	The phase III clinical trials included in this study are from the Cancer and Leukemia Group B	https://www.ncbi.nlm.nih.gov/research/bionlp/RESTful/pmcoa.cgi/BioC_xml/PMC8627468/unicode	yes	high	
COHO:0000023	Cancer Genome Atlas	confirmed, upheld on re-review	EGAS00001004001	PMID:32585557	normal mucosa miRNA expression data from The Cancer Genome Atlas database	https://ega-archive.org/studies/EGAS00001004001	yes	high	
COHO:0000024	Cancer Prevention Study	found		PMID:37783704	Cancer Prevention Study II (CPSII)	https://europepmc.org/articles/PMC10545678	yes	high	CPS-II used as an independent colorectal cancer PRS validation cohort.
COHO:0000025	Cancer Prostate in Sweden	replaced	GCST001942	PMID:23535732	Cancer of the Prostate in Sweden (CAPS)	https://eutils.ncbi.nlm.nih.gov/entrez/eutils/efetch.fcgi?db=pmc&id=3832790	yes	high	Original CaPS match refers to the Caerphilly Prospective Study.
COHO:0000026	Candesartan in Heart failure Assessment of Reduction in Mortality and morbidit	found	GCST90134326	PMID:35736394	Candesartan in Heart failure Assessment of Reduction in Mortality and morbidity (CHARM)	https://europepmc.org/articles/PMC9715825	yes	high	
COHO:0000027	Cardio-metabolic Genome Epidemiology Study	confirmed, upheld on re-review	GCST90002243	PMID:34059833	Cardiometabolic Genome Epidemiology 1	https://www.ebi.ac.uk/europepmc/webservices/rest/PMC7610958/supplementaryFiles#EMS120610-supplement-Supplementary_Tables.xlsx	yes	high	
COHO:0000028	Cardiogenics Study	confirmed, upheld on re-review	EGAS00001000411	PMID:21965548	As part of the Cardiogenics project, RNA from monocytes and macrophages of 363 patients with coronary artery disease	https://ega-archive.org/studies/EGAS00001000411	yes	high	
COHO:0000029	CARDIoGRAMplusC4D	replaced		PMID:23202125	The CARDIoGRAMplusC4D Consortium	https://www.nature.com/articles/ng.2480	no	high	Original EGA is a pending proposal describing future validation; replacement is the published consortium association analysis.
COHO:0000030	Carolina Head and Neck Cancer Epidemiology	confirmed, upheld on re-review	GCST90085699	PMID:34642315	Carolina Head and Neck Cancer Epidemiology	https://www.ebi.ac.uk/europepmc/webservices/rest/PMC8511029/supplementaryFiles#41467_2021_26151_MOESM1_ESM.pdf	yes	high	
COHO:0000031	CARTaGENE cohort (CHU Sainte-Justine, Quebec, Canada)	confirmed, upheld on re-review	GCST90711137	PMID:38970920	20,010 ethnically matched controls from CARTaGENE	https://www.ebi.ac.uk/europepmc/webservices/rest/search?query=ext_id%3A38970920+AND+src%3Amed&format=json&resultType=core	yes	high	
COHO:0000032	Center for Autism Research and Treatment	found		PMID:22318914	Participants were recruited through UCLA’s Center for Autism Research and Treatment	https://www.ncbi.nlm.nih.gov/research/bionlp/RESTful/pmcoa.cgi/BioC_xml/PMC3272329/unicode	yes	medium	COHO names the UCLA research centre; this paper explicitly recruited participants there.
COHO:0000033	Center on Antisocial Drug Dependence	confirmed, upheld on re-review	GCST90133114	PMID:35534559	The Center on Antisocial Drug Dependence	https://www.ebi.ac.uk/europepmc/webservices/rest/PMC9110300/supplementaryFiles#41588_2022_1062_MOESM1_ESM.pdf	yes	high	
COHO:0000034	Centre dEtude du Polymorphisme Humain	found		PMID:26432245	Utah residents (CEPH) with northern and western European ancestry	https://europepmc.org/articles/PMC4750478	yes	medium	CEPH reference samples are explicitly identified; no dedicated GCST/EGAS accession verified.
COHO:0000035	Centre National de G_notypage	not_found			Centre National de Génotypage	https://www.ncbi.nlm.nih.gov/research/bionlp/RESTful/pmcoa.cgi/BioC_xml/PMC13534482/unicode	no	low	Full-name/acronym searches found the French genotyping institution among funding/affiliation statements, but no uniquely identified participant cohort or trustworthy example.
COHO:0000036	Chicago Asthma Genetics	replaced	GCST001739	PMID:23146381	the Chicago Asthma Genetics Study (CAG)	https://www.ncbi.nlm.nih.gov/research/bionlp/RESTful/pmcoa.cgi/BioC_xml/PMC3596497/unicode	yes	low	More directly documented example: original catalog lists CAG, but its detailed supplementary cohort description could not be retrieved; replacement explicitly names CAG.
COHO:0000037	Children, Allergy, Milieu, Stockholm, Epidemiology	confirmed, upheld on re-review	EGAS00001002746	PMID:29496485	Children, Allergy, Milieu, Stockholm, Epidemiology	https://ega-archive.org/studies/EGAS00001002746	yes	high	
COHO:0000038	Cholesterol and Atherosclerosis Pharmacogenetics	replaced	GCST000635	PMID:20339536	The Cholesterol and Pharmacogenetics (CAP) trial involved 944 healthy volunteers	https://europepmc.org/articles/PMC2842298	yes	low	Replacement explicitly describes the CAP statin trial, one of three analyzed cohorts; original PCSK9 full text/supplement could not be accessed.
COHO:0000039	Cilento study	confirmed, upheld on re-review	GCST90029072	PMID:34413389	A GWAS meta-analysis of PlGF circulating levels was performed in 2068 individuals from three isolated populations of Cilento, South Italy	https://www.ebi.ac.uk/europepmc/webservices/rest/PMC8376970/fullTextXML	yes	high	
COHO:0000040	COIN	confirmed, upheld on re-review	EGAS00001005421		Genotype data from the COIN and COIN-B trials	https://ega-archive.org/studies/EGAS00001005421	yes	high	
COHO:0000041	COIN-B	confirmed, upheld on re-review	EGAS00001005421		Genotype data from the COIN and COIN-B trials	https://ega-archive.org/studies/EGAS00001005421	yes	high	
COHO:0000042	Colorectal Cancer Study of Austria	confirmed, upheld on re-review	GCST012878	PMID:30510241	Colorectal Cancer Study of Austria	https://media.springernature.com/original/springer-static/esm/art%3A10.1038%2Fs41588-018-0286-6/MediaObjects/41588_2018_286_MOESM3_ESM.xlsx#text	yes	high	
COHO:0000043	Consortium for the Longitudinal Evaluation of African Americans with Early Rheumatoid Arthritis	confirmed, upheld on re-review	GCST90258645	PMID:35925860	Meta-analysis with summary statistics from an African-American cohort (CLEAR study)	https://www.ebi.ac.uk/europepmc/webservices/rest/search?query=ext_id%3A35925860+AND+src%3Amed&format=json&resultType=core	yes	medium	
COHO:0000044	Consortium of Minority Population Genome-Wide Association Studies of Stroke	confirmed, upheld on re-review	GCST90482715	PMID:38317187	Consortium of Minority Population GWAS of Stroke	https://www.ebi.ac.uk/europepmc/webservices/rest/PMC10840175/fullTextXML	yes	high	
COHO:0000045	Cooperative Health Research in the Region of Augsburg	confirmed, upheld on re-review	GCST004365	PMID:28240269	1,000 individuals of the population-based KORA (Cooperative Health Research in the Region of Augsburg) study	https://www.ebi.ac.uk/europepmc/webservices/rest/PMC5333359/fullTextXML	yes	high	
COHO:0000046	Copenhagen Hospital Biobank	confirmed, upheld on re-review	GCST90132618	PMID:35751511	the Copenhagen Hospital Biobank	https://pmc.ncbi.nlm.nih.gov/articles/PMC10148738/	yes	high	
COHO:0000047	CROATIA-Korcula Study	confirmed, upheld on re-review	EGAS00001008043		CROATIA-Korcula Study	https://ega-archive.org/studies/EGAS00001008043	yes	high	
COHO:0000048	Danish Glostrup Cohort	found		PMID:12871360	participating in the Danish Glostrup study	https://europepmc.org/article/MED/12871360	yes	high	
COHO:0000049	Diabetes Genetics in Pakistan	found		PMID:21949744	Diabetes Genetics in Pakistan study (DGP; 821 participants with type 2 diabetes, 1167 without)	https://www.ncbi.nlm.nih.gov/research/bionlp/RESTful/pmcoa.cgi/BioC_xml/PMC3176767/unicode	yes	high	
COHO:0000050	Diabetes in Mexico Study	found	GCST002317	PMID:24390345	Diabetes in Mexico Study (DMS)	https://www.ncbi.nlm.nih.gov/research/bionlp/RESTful/pmcoa.cgi/BioC_xml/PMC4127086/unicode	yes	high	
COHO:0000051	Diabetes Prevention Program	confirmed, upheld on re-review	GCST90132306	PMID:35621206	The DPP (Diabetes Prevention Program) was a randomized clinical trial	https://www.ebi.ac.uk/europepmc/webservices/rest/PMC9238724/fullTextXML	yes	high	
COHO:0000052	Diabetes Reduction Assessment with Ramipril and Rosiglitazone Medication	found		PMID:20628086	We genotyped 4,197 participants of the multiethnic DREAM (Diabetes REduction Assessment with ramipril and rosiglitazone Medication) trial	https://europepmc.org/articles/PMC2945168	yes	high	
COHO:0000053	Diabetes Research on Patient Stratification	confirmed, upheld on re-review	GCST90255674	PMID:36528349	four prospective observational cohorts (DIRECT, PRIBA, PROMASTER, and GoDARTS)	https://www.ebi.ac.uk/europepmc/webservices/rest/search?query=ext_id%3A36528349+AND+src%3Amed&format=json&resultType=core	yes	medium	
COHO:0000054	Dortmund Health Study	replaced	GCST000340	PMID:19198609	Acute MI Gene Study/Dortmund Health Study	https://eutils.ncbi.nlm.nih.gov/entrez/eutils/efetch.fcgi?db=pmc&id=2681011	yes	high	Original DHS means deCODE health study in Iceland.
COHO:0000055	Duke Cognition Cohort	replaced	GCST004077	PMID:28093568	DCC Duke Cognition Cohort USA	https://europepmc.org/articles/PMC5322272	yes	high	Original diabetes study uses Durban Case Control (DCC), not Duke cognition.
COHO:0000056	DUNDEE	rejected			Edinburgh, Glasgow, Dundee and Aberdeen	https://ega-archive.org/studies/EGAS00001004410	no	low	Dundee is a recruitment city in Scottish ovarian cancer, not an identified DUNDEE cohort; no replacement could be assigned to this underspecified label.
COHO:0000057	Durban Diabetes Study	confirmed, upheld on re-review	GCST90101745	PMID:35546142	Durban Diabetes Study	https://www.ebi.ac.uk/europepmc/webservices/rest/PMC9095599/fullTextXML	yes	high	
COHO:0000058	Dutch and Belgian Lung Cancer Screening Trial	confirmed, upheld on re-review	GCST90278455	PMID:37770635	NELSON; European Ancestry; Dutch Minister of Health	https://media.springernature.com/original/springer-static/esm/art%3A10.1038%2Fs41588-023-01518-4/MediaObjects/41588_2023_1518_MOESM4_ESM.xlsx#text	yes	medium	
COHO:0000059	Dutch Microbiome Project	confirmed, upheld on re-review	EGAS00001005027		The Dutch Microbiome Project (DMP) data includes raw data generated by shotgun metagenomic sequencing of faecal samples of 8,208 Dutch individuals	https://ega-archive.org/studies/EGAS00001005027	yes	high	
COHO:0000060	Edinburgh Stroke Study	confirmed, upheld on re-review	GCST90301368	PMID:39286457	The Edinburgh Stroke Study	https://www.ebi.ac.uk/europepmc/webservices/rest/PMC11403718/supplementaryFiles#Table1.DOCX	no	high	
COHO:0000061	ENGAGE AF-TIMI 48	confirmed, upheld on re-review	GCST90559230	PMID:40050429	ENGAGE AF-TIMI 48 (TIMI 48)	https://media.springernature.com/original/springer-static/esm/art%3A10.1038%2Fs41588-024-02072-3/MediaObjects/41588_2024_2072_MOESM1_ESM.pdf#text	yes	high	
COHO:0000062	EPIGEN	found		PMID:26124090	We present the results of the EPIGEN Brazil Initiative	https://europepmc.org/article/MED/26124090	yes	high	
COHO:0000063	Erasmus Rucphen Family Study	confirmed, upheld on re-review	GCST90239992	PMID:26068415	The Erasmus Rucphen Family	https://media.springernature.com/original/springer-static/esm/art%3A10.1038%2Fncomms8208/MediaObjects/41467_2015_BFncomms8208_MOESM952_ESM.pdf	no	high	
COHO:0000064	Estonian Biobank	confirmed, upheld on re-review	EGAS00001005900		As part of the Estonian Biobank, we established the Estonian Microbiome Cohort	https://ega-archive.org/studies/EGAS00001005900	yes	high	
COHO:0000065	European Prospective Investigation into Cancer	confirmed, upheld on re-review	EGAS00001006432		European Prospective Investigation into Cancer and Nutrition	https://www.ebi.ac.uk/europepmc/webservices/rest/PMC13047241/fullTextXML	yes	high	
COHO:0000066	European Prospective Investigation of Cancer-Norfolk	confirmed, upheld on re-review	GCST90097055	PMID:34836419	5841 participants from the EPIC-Norfolk study	https://www.ebi.ac.uk/europepmc/webservices/rest/PMC8620763/fullTextXML	yes	high	
COHO:0000067	EuroTARGET project	confirmed, upheld on re-review	GCST90133314	PMID:35740506	a cohort of mRCC patients as recruited by the EuroTARGET consortium	https://www.ebi.ac.uk/europepmc/webservices/rest/PMC9220885/fullTextXML	yes	high	
COHO:0000068	Extremely Low Gestational Age Newborns	replaced		PMID:32721520	data were leveraged from the previously established Extremely Low Gestational Age Newborns (ELGAN) cohort	https://www.ncbi.nlm.nih.gov/research/bionlp/RESTful/pmcoa.cgi/BioC_xml/PMC7855285/unicode	yes	high	Original EGA concerns a Spanish preterm-infant cohort; replacement uses the US ELGAN cohort.
COHO:0000069	Fatty Acid Sensor Study	found		PMID:30624603	A total of 208 participants of the Fatty Acid Sensor (FAS) Study	https://europepmc.org/article/MED/30624603	yes	high	
COHO:0000070	Finnish Twin Cohort Study	confirmed, upheld on re-review	GCST90032674	PMID:34668383	the Finnish Twin Cohort study consists of Finnish adult twins	https://www.ebi.ac.uk/europepmc/webservices/rest/PMC8751832/fullTextXML	yes	high	
COHO:0000071	FINRISK	confirmed, upheld on re-review	EGAS00001000020		individuals from the FINRISK study both of whose parents are born in Kuusamo, Posio or Taivalkoski	https://ega-archive.org/studies/EGAS00001000020	yes	high	
COHO:0000072	Flemish Gut Flora Project	confirmed, upheld on re-review	EGAS00001001689		individuals from the Flemish Gut Flora Project	https://ega-archive.org/studies/EGAS00001001689	yes	high	
COHO:0000073	Gabriel Advanced Survey	found		PMID:21345099	GABRIELA (Multidisciplinary Study to Identify the Genetic and Environmental Causes of Asthma in the European Community [GABRIEL] Advanced Study)	https://europepmc.org/article/MED/21345099	yes	high	
COHO:0000074	GCAT. Genomes For Life.	confirmed, upheld on re-review	EGAS00001003018	PMID:29593016	GCAT | Genomes for life: cohort study of the genomes of Catalonia	https://ega-archive.org/studies/EGAS00001003018	yes	high	
COHO:0000075	GENESIS	replaced		PMID:26406445	GENESIS (GENE SISters) is a French national study	https://europepmc.org/articles/PMC4583250	yes	high	Original stroke study uses UK GENESIS/DNA Lacunar; replacement sequenced French familial breast cancer cases.
COHO:0000076	Genetic Analysis of Multiple Sclerosis	confirmed, upheld on re-review	EGAS00000000101		The Genetic Analysis of multiple sclerosis	https://ega-archive.org/studies/EGAS00000000101	yes	high	
COHO:0000077	Genetic Consortium for Anorexia Nervosa	confirmed, upheld on re-review	EGAS00001000913		As part of the Genetic Consortium for Anorexia Nervosa	https://ega-archive.org/studies/EGAS00001000913	yes	high	
COHO:0000078	Genetic Epidemiology of Asthma in Costa Rica	confirmed, upheld on re-review	GCST90502911	PMID:40216759	Genetic Epidemiology of Asthma in Costa Rica	https://www.ebi.ac.uk/europepmc/webservices/rest/PMC11992084/supplementaryFiles#41467_2025_58420_MOESM1_ESM.pdf	no	high	
COHO:0000079	Genetic Overlap between Metabolic and Psychiatric traits	confirmed, upheld on re-review	GCST90132184	PMID:35551307	Genetic Overlap between Metabolic and Psychiatric traits	https://media.springernature.com/original/springer-static/esm/art%3A10.1038%2Fs41588-022-01058-3/MediaObjects/41588_2022_1058_MOESM3_ESM.xlsx	yes	high	
COHO:0000080	Genetic Prostate cancer risk stratification for targeted screening	found		PMID:27151655	The PROFILE Feasibility Study: Targeted Screening of Men With a Family History of Prostate Cancer	https://europepmc.org/articles/PMC4912360	yes	high	Candidate PROFILE_Metagenomics concerns Crohn disease, not prostate screening.
COHO:0000081	Genetic Research in Isolated	confirmed, upheld on re-review	EGAS00001001134		ERF is embedded in the Genetic Research in Isolated Population (GRIP) program	https://ega-archive.org/studies/EGAS00001001134	yes	high	
COHO:0000082	Genetics of diabetes Audit and Research	confirmed, upheld on re-review	GCST90860840	PMID:40136285	Genetics of Diabetes Audit and Research in Tayside Scotland study	https://www.ebi.ac.uk/europepmc/webservices/rest/search?query=ext_id%3A40136285+AND+src%3Amed&format=json&resultType=core	yes	high	
COHO:0000083	Genetics of Healthy Aging	confirmed, upheld on re-review	GCST90726611	PMID:42176242	the GEnetics of Healthy Ageing (GEHA) project	https://doi.org/10.1007/s11357-026-02334-4	no	medium	Full-name match to the European GEHA project; this analysis uses its Calabrian participants. COHO records only Netherlands.
COHO:0000084	GenomeAsia 100K project	confirmed, upheld on re-review	EGAS00001002921	PMID:31802016	Here we describe the pilot phase of the GenomeAsia 100K Project	https://ega-archive.org/studies/EGAS00001002921	yes	high	
COHO:0000085	German Multiple Myeloma Study Group	confirmed, upheld on re-review	GCST90451657	PMID:39103364	658 German GMMG patients	https://www.ebi.ac.uk/europepmc/webservices/rest/PMC11300596/fullTextXML	yes	medium	
COHO:0000086	Ghana Prostate Study	confirmed, upheld on re-review	GCST90274715	PMID:37945903	Ghana Prostate Study	https://media.springernature.com/original/springer-static/esm/art%3A10.1038%2Fs41588-023-01534-4/MediaObjects/41588_2023_1534_MOESM4_ESM.xlsx	yes	high	
COHO:0000087	Glaucoma Inheritance Study in Tasmania	found		PMID:30267046	the Glaucoma Inheritance Study in Tasmania, ascertained glaucoma cases	https://europepmc.org/article/MED/30267046	yes	high	
COHO:0000088	Greece Hellenic Isolated Cohorts	confirmed, upheld on re-review	GCST90059895	PMID:34857772	MANOLIS and Pomak, are part of the Hellenic Isolated Cohorts	https://www.ebi.ac.uk/europepmc/webservices/rest/PMC8640022/fullTextXML	yes	high	
COHO:0000089	Health and Retirement Study	replaced	GCST006900	PMID:30124842	an independent sample from the Health and Retirement Study (HRS)	https://eutils.ncbi.nlm.nih.gov/entrez/eutils/efetch.fcgi?db=pmc&id=6488973	yes	high	Original accession contains ELSA data and mentions HRS only for prospective comparison.
COHO:0000090	Health2000 Study	confirmed, upheld on re-review	GCST90093140	PMID:34847907	data of the national Health 2000 Survey (BRIF8901) in Finland	https://www.ebi.ac.uk/europepmc/webservices/rest/search?query=ext_id%3A34847907+AND+src%3Amed&format=json&resultType=core	yes	high	
COHO:0000091	Heart Protection Study	confirmed, upheld on re-review	GCST90061371	PMID:34601942	Heart Protection Study	https://www.ebi.ac.uk/europepmc/webservices/rest/PMC8542067/fullTextXML	yes	high	
COHO:0000092	Hoorn Diabetes Care System	confirmed, upheld on re-review	EGAS00001002776	PMID:28588112	Hoorn Diabetes Care System (DCS) Cohort	https://ega-archive.org/studies/EGAS00001002776	yes	high	
COHO:0000093	Hospital Discharge Register Sweden	found		PMID:32117730	By using the Swedish Cancer Register and the Swedish Hospital Discharge Register	https://europepmc.org/articles/PMC7010720	yes	high	
COHO:0000094	Human Genetics Initiative	replaced	GCST000387	PMID:19416921	National Institute of Mental Health Human Genetics Initiative Repository	https://eutils.ncbi.nlm.nih.gov/entrez/eutils/efetch.fcgi?db=pmc&id=2678639	yes	high	Original HGI is the COVID-19 Host Genetics Initiative.
COHO:0000095	Hunter Community Study	replaced		PMID:27030319	The results were replicated in an independent cohort, the Hunter Community Study	https://europepmc.org/articles/PMC4814826	yes	low	Replacement is a three-cohort ApoH study explicitly identifying Hunter replication samples; original lipid/sleep supplementary cohort description could not be accessed.
COHO:0000096	Icelandic Cancer Registry	found		PMID:39886913	All patients diagnosed with CRC and EC according to the Icelandic Cancer Registry in 2020–2022 were included.	https://www.ncbi.nlm.nih.gov/research/bionlp/RESTful/pmcoa.cgi/BioC_xml/PMC11811529/unicode	yes	high	Candidate ICR means immune checkpoint receptors, not the Icelandic Cancer Registry.
COHO:0000097	Identification of Men with a genetic predisposition to ProstAte Cancer	found		PMID:24484606	IMPACT (Identification of Men with a genetic predisposition to ProstAte Cancer: Targeted screening in BRCA1/2 mutation carriers and controls)	https://www.ncbi.nlm.nih.gov/research/bionlp/RESTful/pmcoa.cgi/BioC_xml/PMC4105321/unicode	yes	high	
COHO:0000098	IIBDGC genotyped CD study	confirmed, upheld on re-review	GCST90137949	PMID:28506689	All DNA samples used in the present study were collected through the IIBDGC	https://www.ncbi.nlm.nih.gov/research/bionlp/RESTful/pmcoa.cgi/BioC_xml/PMC5526723/unicode	yes	high	
COHO:0000099	Indiana Sisters Study	found		PMID:23074152	Indiana Sisters Study	https://www.ncbi.nlm.nih.gov/research/bionlp/RESTful/pmcoa.cgi/BioC_xml/PMC3691010/unicode	yes	high	
COHO:0000100	INfancia y Medio Ambiente Project	replaced	GCST007713	PMID:30850646	1061 individuals from the INfancia y Medio Ambiente (INMA) project	https://europepmc.org/articles/PMC6408457	yes	low	Replacement explicitly identifies Spanish INMA controls; original 2023 letter full text could not be accessed.
COHO:0000101	International Cancer Genome Consortium-Chronic Lymphocytic Leukemia	found	EGAS00000000092	PMID:21642962	The CLL Genome Project, as a contributing member of the International Cancer Genome Consortium (ICGC)	https://ega-archive.org/studies/EGAS00000000092	yes	high	Candidate EGAS00001000215 is ICGC PedBrain, not CLL; this released EGA study explicitly identifies ICGC-CLL.
COHO:0000102	International Headache Genetics Consortium	replaced	GCST003720	PMID:27322543	International Headache Genetics Consortium (IHGC)	https://eutils.ncbi.nlm.nih.gov/entrez/eutils/efetch.fcgi?db=pmc&id=5331903	yes	high	Replaced a mixed neurological collection and epilepsy PMID with a migraine study.
COHO:0000103	International Multiple Sclerosis Genetics Consortium	confirmed, upheld on re-review	EGAS00001003216		UK Multiple Sclerosis (MS) cases that were recruited through the University of Cambridge and included in the IMSGC Replicationchip experiment	https://ega-archive.org/studies/EGAS00001003216	yes	high	
COHO:0000104	International Schizophrenia Consortium	found	GCST000434	PMID:19571811	We genotyped the International Schizophrenia Consortium (ISC) case-control sample	https://www.ncbi.nlm.nih.gov/research/bionlp/RESTful/pmcoa.cgi/BioC_xml/PMC3912837/unicode	yes	high	
COHO:0000105	Italian Network on Genetic Isolates Studies	found		PMID:31784700	These populations belong to the INGI (Italian Network of Genetic Isolates) network.	https://europepmc.org/articles/PMC7080768	yes	high	
COHO:0000106	Leeds Melanoma Cohort	confirmed, upheld on re-review	EGAS00001001158		Leeds Melanoma Cohort	https://ega-archive.org/studies/EGAS00001001158	yes	high	
COHO:0000107	Leiden Longevity Study	confirmed, upheld on re-review	GCST90239997	PMID:26068415	Leiden Longevity Study	https://media.springernature.com/original/springer-static/esm/art%3A10.1038%2Fncomms8208/MediaObjects/41467_2015_BFncomms8208_MOESM952_ESM.pdf	no	high	
COHO:0000108	LifeLines	confirmed, upheld on re-review	EGAS00001003944	PMID:32679392	Lifelines population living in the Northern parts of the Netherlands	https://ega-archive.org/studies/EGAS00001003944	yes	high	
COHO:0000109	Living Biobank	confirmed, unverified on re-review	GCST90011772	PMID:32936915	Living Biobank study (N = 983 on GWAS array and whole-exome sequenced)	https://www.ebi.ac.uk/europepmc/webservices/rest/search?query=ext_id%3A32936915+AND+src%3Amed&format=json&resultType=core	yes	low	Identity unresolved: the source concerns Singapore Malay participants, whereas COHO records United Kingdom. Accessible sources do not resolve whether COHO has a country error or denotes another biobank.
COHO:0000110	Los Angeles component of The Womens Contraceptive and Reproductive Experiences Study	found		PMID:42098873	the Los Angeles component of the Women’s Contraceptive and Reproductive Experiences Study	https://www.ncbi.nlm.nih.gov/research/bionlp/RESTful/pmcoa.cgi/BioC_xml/PMC13321428/unicode	yes	high	
COHO:0000111	Lothian Birth Cohort	confirmed, upheld on re-review	EGAS00001003818		297 members of the Lothian Birth Cohort 1921	https://ega-archive.org/studies/EGAS00001003818	yes	high	
COHO:0000112	Lund Stroke Register	confirmed, upheld on re-review	EGAS00001000936		Lund Stroke Register	https://ega-archive.org/studies/EGAS00001000936	yes	high	
COHO:0000113	Marseille Thrombosis Association Study	confirmed, upheld on re-review	GCST90446466	PMID:39424413	MARTHA [Marseille Thrombosis Association]	https://www.ebi.ac.uk/europepmc/webservices/rest/search?query=ext_id%3A39424413+AND+src%3Amed&format=json&resultType=core	yes	high	
COHO:0000114	Mexican Biobank	confirmed, upheld on re-review	EGAS00001005797		we present the data from the Mexican Biobank Project	https://ega-archive.org/studies/EGAS00001005797	yes	high	
COHO:0000115	MIRAGE	replaced	GCST001342	PMID:22159054	Multi-Institutional Research on Alzheimer Genetic Epidemiology (MIRAGE) Study	https://eutils.ncbi.nlm.nih.gov/entrez/eutils/efetch.fcgi?db=pmc&id=3356921	yes	high	Original mirAge is a microRNA aging score in Rotterdam participants.
COHO:0000116	Molecular Genetics of Schizophrenia Collaboration	found	GCST000434	PMID:19571811	We exchanged GWAS summary results with the Molecular Genetics of Schizophrenia (MGS)	https://www.ncbi.nlm.nih.gov/research/bionlp/RESTful/pmcoa.cgi/BioC_xml/PMC3912837/unicode	yes	high	
COHO:0000117	MOnica Risk, Genetics, Archiving and Monograph	found		PMID:22848412	MORGAM (MOnica Risk, Genetics, Archiving, Monograph) cohorts	https://europepmc.org/articles/PMC3405046	yes	high	Candidate is FINRISK/DILGOM exomes, linked to MORGAM; selected a paper explicitly analyzing MORGAM cohorts.
COHO:0000118	Monitoring of Trends and Determinants in Cardiovascular Disease	found		PMID:22162987	We conducted a case-cohort study within the population-based MONICA/KORA Augsburg studies.	https://europepmc.org/articles/PMC3232218	yes	high	Candidate describes FINRISK/DILGOM and expands MORGAM, not a direct MONICA cohort example.
COHO:0000119	Multi-Ethnic Study of Atherosclerosis	confirmed, upheld on re-review	GCST90095178	PMID:34732054	Multi-Ethnic Study of Atherosclerosis	https://www.ncbi.nlm.nih.gov/research/bionlp/RESTful/pmcoa.cgi/BioC_xml/PMC8692416/unicode	yes	high	
COHO:0000120	Multicenter Family Study	found	GCST002149	PMID:23974872	the Multicenter Family Study	https://europepmc.org/articles/PMC3827979	yes	high	Candidate MFS means Maudsley Family Study, not Multicenter Family Study.
COHO:0000121	Multiethnic Cohort Study of Diet and Health	confirmed, upheld on re-review	GCST90027067	PMID:34329319	Multiethnic Cohort-Adiposity Phenotype Study	https://www.ebi.ac.uk/europepmc/webservices/rest/search?query=ext_id%3A34329319+AND+src%3Amed&format=json&resultType=core	yes	high	
COHO:0000122	Multiple Environmental and Genetic Assessment of Risk Factors for Venous Thrombosis	confirmed, upheld on re-review	GCST90446466	PMID:39424413	MEGA [Multiple Environmental and Genetic Assessment]	https://www.ebi.ac.uk/europepmc/webservices/rest/search?query=ext_id%3A39424413+AND+src%3Amed&format=json&resultType=core	yes	high	
COHO:0000123	National Health Service Blood and Transplant	found	GCST90243401	PMID:29875488	National Health Service Blood and Transplant (NHSBT)	https://eutils.ncbi.nlm.nih.gov/entrez/eutils/efetch.fcgi?db=pmc&id=6697541	yes	high	
COHO:0000124	National Study of Colorectal Cancer Genetics	found	GCST000270	PMID:19011631	National Study of Colorectal Cancer Genetics (NSCCG)	https://eutils.ncbi.nlm.nih.gov/entrez/eutils/efetch.fcgi?db=pmc&id=2836775	yes	high	
COHO:0000125	Netherlands Twin Registry	confirmed, upheld on re-review	GCST90240004	PMID:26068415	The Netherlands Twin Register	https://media.springernature.com/original/springer-static/esm/art%3A10.1038%2Fncomms8208/MediaObjects/41467_2015_BFncomms8208_MOESM952_ESM.pdf	no	high	
COHO:0000126	New England-based Case-Control Study of Ovarian Cancer	found		PMID:33634849	Data from the New England Case-Control Study (NEC)	https://www.ncbi.nlm.nih.gov/research/bionlp/RESTful/pmcoa.cgi/BioC_xml/PMC8720374/unicode	yes	high	
COHO:0000127	NIDDK	found	GCST90295922	PMID:37688361	The Gastroparesis Clinical Research Consortium (GpCRC) is a network of GI tertiary centers in the United States sponsored by the National Institute of Diabetes and Digestive and Kidney Diseases (NIDDK) that aims to advance knowledge and treatments for GP.	https://www.ebi.ac.uk/europepmc/webservices/rest/PMC10576603/fullTextXML	yes	high	GWAS Catalog cohort tag NIDDK on GCST90295922 (re-review 2026-09-22): the study's NIDDK sample is the NIDDK-sponsored Gastroparesis Clinical Research Consortium registry. The earlier EGA hit EGAS00001002937 names NIDDK only as a funder and was struck by the human EGA reviewer.
COHO:0000128	Nijmegen Biomedical Study	confirmed, upheld on re-review	GCST90244792	PMID:36551779	6468 participants who donated blood samples for the Nijmegen Biomedical Study	https://www.ebi.ac.uk/europepmc/webservices/rest/PMC9775328/fullTextXML	yes	high	
COHO:0000129	Northern Ireland Cohort for Longitudinal Study of Ageing	confirmed, upheld on re-review	GCST010723	PMID:32843070	Northern Ireland Cohort for Longitudinal Study of Ageing	https://www.ebi.ac.uk/europepmc/webservices/rest/PMC7449002/fullTextXML	yes	high	
COHO:0000130	Northern Sweden Population Health Study	confirmed, upheld on re-review	EGAS50000000906	PMID:28832569	whole-genome sequencing data in CRAM-format for 58 individuals from the Northern Sweden Population Health Study	https://ega-archive.org/studies/EGAS50000000906	yes	high	
COHO:0000131	Norwegian Mother and Child Cohort study	confirmed, upheld on re-review	GCST90104629	PMID:35315439	Norwegian Mother, Father and Child Cohort Study	https://www.ebi.ac.uk/europepmc/webservices/rest/search?query=ext_id%3A35315439+AND+src%3Amed&format=json&resultType=core	yes	high	
COHO:0000132	Orkney Complex Disease Study	confirmed, upheld on re-review	EGAS00001000068		400 subjects from the Orkney Complex Disease Study	https://ega-archive.org/studies/EGAS00001000068	yes	high	
COHO:0000133	Outcome Reduction With Initial Glargine Intervention Trial	confirmed, upheld on re-review	GCST90129631	PMID:35446786	Outcome Reduction with an Initial Glargine Intervention	https://www.ebi.ac.uk/europepmc/webservices/rest/PMC9220927/fullTextXML	yes	high	
COHO:0000134	Ovarian Cancer Association Consortium	confirmed, upheld on re-review	EGAS00001002305	PMID:27697780	genotype ovarian cancer cases and controls from multiple studies participating in the Ovarian Cancer Association Consortium	https://ega-archive.org/studies/EGAS00001002305	yes	high	
COHO:0000135	Ovarian Cancer Study	not_found			OCS/full-name searches did not resolve this generic label to a unique ovarian cancer cohort; no trustworthy example assigned.	https://www.ebi.ac.uk/europepmc/webservices/rest/search?query=%22Ovarian%20Cancer%20Study%22%20AND%20%22OCS%22&format=json&resultType=core&pageSize=5	no	low	
COHO:0000136	Oxford Biobank	confirmed, upheld on re-review	EGAS00001002906		Exome genotype data and phenotype data for the Oxford BioBank dataset	https://ega-archive.org/studies/EGAS00001002906	yes	high	
COHO:0000137	PanCareLIFE	confirmed, upheld on re-review	GCST90838701	PMID:38729340	A discovery cohort of adult female childhood cancer survivors from the pan-European PanCareLIFE cohort	https://www.ebi.ac.uk/europepmc/webservices/rest/search?query=ext_id%3A38729340+AND+src%3Amed&format=json&resultType=core	yes	high	
COHO:0000138	Parkinson Environment and Gene	found		PMID:40094665	The Parkinson Environment and Genes (PEG) study in California	https://eutils.ncbi.nlm.nih.gov/entrez/eutils/efetch.fcgi?db=pmc&id=11915066	yes	high	
COHO:0000139	People of the British Isles	confirmed, upheld on re-review	EGAS00001000672		approximately 2,900 individuals from the People of the British Isles	https://ega-archive.org/studies/EGAS00001000672	yes	high	
COHO:0000140	Physical Activity and Nutrition in Children Study	confirmed, upheld on re-review	GCST90275189	PMID:37798380	Physical Activity and Nutrition in Children study	https://www.ebi.ac.uk/europepmc/webservices/rest/PMC10632150/supplementaryFiles#41588_2023_1520_MOESM1_ESM.pdf	yes	medium	Full-name match to Finnish PANIC; the supplement identifies Finland. COHO's Australia annotation conflicts.
COHO:0000141	Population-based Colonoscopy study	confirmed, upheld on re-review	GCST90002250	PMID:34957435	The Population-based Colonoscopy (PopCol) study is a cohort of Swedish-born individuals from Stockholm, Sweden	https://www.ebi.ac.uk/europepmc/webservices/rest/PMC8654685/fullTextXML	yes	medium	Full-name match to Swedish PopCol; COHO's Germany annotation conflicts.
COHO:0000142	Precocious Coronary Artery Disease Study	confirmed, upheld on re-review	GCST90271557	PMID:37679419	PROCARDIS	https://www.ebi.ac.uk/europepmc/webservices/rest/PMC10484788/supplementaryFiles#41588_2023_1462_MOESM6_ESM.xlsx	yes	medium	Full-name corroboration: “Precocious Coronary Artery Disease (PROCARDIS) study” https://www.ncbi.nlm.nih.gov/projects/gap/cgi-bin/study.cgi?study_id=phs000883.v1.p1 The cohort table places PROCARDIS in UK, Sweden, Germany and Italy; COHO's India annotation conflicts.
COHO:0000143	Pressioni Arteriose Monitorate E Loro Associazionie	found		PMID:15809377	Pressioni Arteriose Monitorate e Loro Associazioni (PAMELA) study	https://europepmc.org/article/MED/15809377	yes	high	Candidate EGA describes a HER2-positive breast cancer trial, a different PAMELA.
COHO:0000144	Prospective Investigation of the Vasculature in Uppsala Seniors	confirmed, upheld on re-review	GCST90096810	PMID:34523676	Prospective investigation of the Vasculature in Uppsala Seniors study	https://www.ebi.ac.uk/europepmc/webservices/rest/search?query=ext_id%3A34523676+AND+src%3Amed&format=json&resultType=core	yes	high	
COHO:0000145	Psoriasis Association Genetics Extension	replaced	GCST005527	PMID:23143594	Psoriasis Association Genetics Extension (PAGE: 3,580 cases and 5,902 controls)	https://europepmc.org/articles/PMC3510312	yes	high	Original PAGE is Population Architecture using Genomics and Epidemiology.
COHO:0000146	Psychiatric GWAS Consortium	replaced	GCST001241	PMID:21926972	Psychiatric Genome-wide Association Study Consortium (PGC)	https://eutils.ncbi.nlm.nih.gov/entrez/eutils/efetch.fcgi?db=pmc&id=3637176	yes	high	Original accession describes GCAN/WTCCC3; selected a study explicitly using PGC data.
COHO:0000147	Research on Adolescent Development and Relationships	found		PMID:26997371	Research on Adolescent Development and Relationships Young cohort	https://europepmc.org/articles/PMC4802173	yes	high	Candidate Radar cohort studies radiation-exposed technicians and their children, not adolescent relationships.
COHO:0000148	Rotterdam Study	confirmed, upheld on re-review	EGAS00001008117		2,684 participants from the population-based Rotterdam Study cohort	https://ega-archive.org/studies/EGAS00001008117	yes	high	
COHO:0000149	Saguenay-Lac-Saint-Jean asthma study	replaced		PMID:23066387	a familial collection from a founder and remote population (Saguenay–Lac-Saint-Jean; SLSJ)	https://europepmc.org/articles/PMC3447577	yes	low	Replacement directly analyzes SLSJ asthma families; original 2020 letter full text could not be accessed.
COHO:0000150	Sahlgrenska Academy Study on Ischemic Stroke	confirmed, upheld on re-review	EGAS00001000936		Sahlgrenska Academy Study on Ischemic Stroke	https://ega-archive.org/studies/EGAS00001000936	yes	high	
COHO:0000151	SardiNIA Study of Aging	confirmed, upheld on re-review	GCST90001391	PMID:32929287	The SardiNIA project is a longitudinal study comprising 6,602 general population individuals	https://www.ncbi.nlm.nih.gov/research/bionlp/RESTful/pmcoa.cgi/BioC_xml/PMC8517961/unicode	yes	high	
COHO:0000152	Scania Diabetes Registry	confirmed, upheld on re-review	GCST90061374	PMID:34601942	Patients in Scannia Diabetes Registry	https://www.ebi.ac.uk/europepmc/webservices/rest/PMC8542067/supplementaryFiles#hcg-14-e002862-s001.pdf	no	high	
COHO:0000153	Shanghai Study	not_found			Whole exome sequencing for gallbladder cancer in Xinhua Hospital Affiliated to Shanghai Jiao Tong University	https://ega-archive.org/studies/EGAS00001000853	no	low	Candidate names a hospital/location, not a Shanghai Study cohort. Full-name searches found multiple unrelated cohorts; ontology lacks distinguishing disease/parent context.
COHO:0000154	Short Course Oncology Treatment trial	found		PMID:29611518	The SCOT study was an international, randomised, phase 3, non-inferiority trial	https://europepmc.org/articles/PMC5883334	yes	high	Candidate TransSCOT_WES names the correct trial but is pending release; selected the published trial analysis.
COHO:0000155	Simons Simplex Collection	confirmed, upheld on re-review	EGAS00001005753		442 ASD probands that had accompanying morphology data in the Simons Simplex Collection	https://ega-archive.org/studies/EGAS00001005753	yes	high	
COHO:0000156	Singapore Chinese Study	found	GCST002340	PMID:24448986	Singapore Chinese Study (SCH, n = 2,000)	https://www.ncbi.nlm.nih.gov/research/bionlp/RESTful/pmcoa.cgi/BioC_xml/PMC4051826/unicode	yes	high	
COHO:0000157	SORCE	confirmed, upheld on re-review	EGAS00001002336	PMID:23184150	856 cases from SORCE, a MRC collection of surgically treated RCC cases	https://ega-archive.org/studies/EGAS00001002336	yes	high	
COHO:0000158	Spit for Science	replaced	GCST009886	PMID:30482948	Funding support for Spit for Science (dbGAP in progress) has been provided by Virginia Commonwealth University	https://europepmc.org/articles/PMC6430207	yes	high	Original EGA concerns Canadian children; this paper identifies the US VCU cohort.
COHO:0000159	Sweden Bipolar Disorder Cohort	confirmed, upheld on re-review	GCST90274758	PMID:37563310	The SWEBIC cohort comprises participants meeting the diagnostic criteria for Bipolar disorder	https://www.ebi.ac.uk/europepmc/webservices/rest/PMC10457199/supplementaryFiles#41590_2023_1588_MOESM1_ESM.pdf	no	high	
COHO:0000160	Swedish Twin Registry	confirmed, upheld on re-review	GCST90102256	PMID:34982741	a cohort of 1,130 twins from the Swedish Twin Registry	https://www.ebi.ac.uk/europepmc/webservices/rest/search?query=ext_id%3A34982741+AND+src%3Amed&format=json&resultType=core	yes	high	
COHO:0000161	Taiwan Type 2 Diabetes Study	found	GCST002167	PMID:24001895	Taiwan Type 2 Diabetes Study	https://www.ncbi.nlm.nih.gov/research/bionlp/RESTful/pmcoa.cgi/BioC_xml/PMC3972802/unicode	yes	high	
COHO:0000162	TEENs of Attica: Genes and Environment	confirmed, upheld on re-review	EGAS00001000996	PMID:23347264	TEENAGE (TEENs of Attica: Genes and Environment) study	https://ega-archive.org/studies/EGAS00001000996	yes	high	
COHO:0000163	The English Longitudinal Study of Ageing	confirmed, upheld on re-review	EGAS00001001036		Genome Wide Association Study (GWAS) in the English Longitudinal Study of Ageing	https://ega-archive.org/studies/EGAS00001001036	yes	high	
COHO:0000164	The Fenland Study	confirmed, upheld on re-review	GCST90129632	PMID:35446786	the Fenland study	https://www.ebi.ac.uk/europepmc/webservices/rest/PMC9220927/fullTextXML	yes	high	
COHO:0000165	The Helmholtz-Gemeinschaft Deutscher Forschungszentren	confirmed, upheld on re-review	GCST90134661	PMID:35915169	Helmholtz-Gemeinschaft Deutscher Forschungszentren Lung Cancer GWAS	https://media.springernature.com/original/springer-static/esm/art%3A10.1038%2Fs41588-022-01115-x/MediaObjects/41588_2022_1115_MOESM1_ESM.pdf#text	yes	high	
COHO:0000166	The MANOLIS cohort	confirmed, upheld on re-review	GCST90010102	PMID:33303764	in a population-based cohort (MANOLIS)	https://www.ebi.ac.uk/europepmc/webservices/rest/PMC7729872/fullTextXML	yes	high	
COHO:0000167	The Netherlands AAA GWAS dataset	found	GCST003877	PMID:27899403	The Netherlands AAA GWAS dataset	https://eprints.whiterose.ac.uk/id/eprint/110164/7/341.full.pdf#text	no	high	
COHO:0000168	The Norwegian Biobank for Myeloma	found	GCST004483	PMID:27363682	the Norwegian Biobank for Myeloma (Trondheim, Norway)	https://eutils.ncbi.nlm.nih.gov/entrez/eutils/efetch.fcgi?db=pmc&id=4932178	yes	high	
COHO:0000169	The Pakistan Risk Of Myocardial Infarction Study	confirmed, upheld on re-review	GCST90060568	PMID:34503513	5662 hospital controls from the Pakistan Risk of Myocardial Infarction Study	https://www.ebi.ac.uk/europepmc/webservices/rest/search?query=ext_id%3A34503513+AND+src%3Amed&format=json&resultType=core	yes	high	
COHO:0000170	The Secondary Manifestations of ARTerial disease study	found	GCST003276	PMID:26390057	Secondary Manifestations of Arterial Disease	https://eutils.ncbi.nlm.nih.gov/entrez/eutils/efetch.fcgi?db=pmc&id=4719169	yes	high	
COHO:0000171	The Hellenic study of Interactions between Single nucleotide polymorphisms and Eating in Atherosclerosis Susceptibility	found		PMID:38929788	THISEAS (The Hellenic Study of Interactions between Single Nucleotide Polymorphisms and Eating in Atherosclerosis Susceptibility)	https://europepmc.org/articles/PMC11204902	yes	high	Candidate names THISEAS but is pending release and describes a planned analysis; selected a published THISEAS analysis.
COHO:0000172	Treating to New Targets	found	GCST000635	PMID:20339536	The Treating to New Targets (TNT) study followed 10,001 patients	https://europepmc.org/articles/PMC2842298	yes	high	Candidate EGA TNT is a breast cancer trial, not the statin trial.
COHO:0000173	Twins Early Development Study	confirmed, upheld on re-review	EGAS00001000116		Twins Early Development Study	https://ega-archive.org/studies/EGAS00001000116	yes	high	
COHO:0000174	Type 1 Diabetes Genetics Consortium	confirmed, upheld on re-review	GCST90432064	PMID:38453145	The Type 1 Diabetes Genetics Consortium	https://www.ebi.ac.uk/europepmc/webservices/rest/PMC11102596/fullTextXML	yes	high	
COHO:0000175	UK Adult Twin Register	confirmed, upheld on re-review	GCST002442	PMID:24816252	5,002 TwinsUK individuals newly profiled in this study	https://www.ebi.ac.uk/europepmc/webservices/rest/PMC4064254/fullTextXML	yes	high	
COHO:0000176	UK Biobank	confirmed, upheld on re-review	EGAS50000000292		Included are meta-analyses with and without the UK Biobank dataset	https://ega-archive.org/studies/EGAS50000000292	yes	high	
COHO:0000177	UK Brain Expression Consortium	found	EGAS00001003065	PMID:32098967	which were part of the UK Brain Expression Consortium data set	https://europepmc.org/articles/PMC7042265	yes	high	
COHO:0000178	UK Childhood Cancer Study	found	GCST003798	PMID:27694927	459 white BCP-ALL cases from the UK Childhood Cancer Study	https://eutils.ncbi.nlm.nih.gov/entrez/eutils/efetch.fcgi?db=pmc&id=5336191	yes	high	Candidate correctly names UKCCS but is pending release; selected a published public GWAS.
COHO:0000179	UK Household Longitudinal Study	confirmed, upheld on re-review	EGAS00001001232		The UK Household Longitudinal Study	https://ega-archive.org/studies/EGAS00001001232	yes	high	
COHO:0000180	UK Inflammatory Bowel Disease Genetics Consortium	found	EGAS00001000924		the UKIBDGC has GWAS data for around 1800 CD samples	https://ega-archive.org/studies/EGAS00001000924	yes	high	
COHO:0000181	Viking Health Study	confirmed, upheld on re-review	EGAS00001003872		The Viking Health Study – Shetland	https://ega-archive.org/studies/EGAS00001003872	yes	high	
COHO:0000182	Wellcome Trust Case Control Consortium	confirmed, upheld on re-review	EGAS00000000097		6015 control individuals (provided by the Wellcome Trust Case Control Consortium and KORA-gen)	https://ega-archive.org/studies/EGAS00000000097	yes	high	
COHO:0000183	Basquecolon cohort	found		PMID:37783704	Basque-colon cohort (BCC)	https://europepmc.org/articles/PMC10545678	yes	high	
COHO:0000184	INTERVAL study	confirmed, upheld on re-review	EGAS00001002461		15,000 individuals from the INTERVAL study cohort	https://ega-archive.org/studies/EGAS00001002461	yes	high	
COHO:0000185	CONVERGE	replaced		PMID:26176920	CONVERGE Consortium	https://europepmc.org/articles/PMC4522619	yes	high	Original EGA uses converge as a verb in a brain-tumour title. Replacement analyses 11,670 Han Chinese women recruited by the China/Oxford/VCU CONVERGE consortium.
COHO:0000186	Gene-Environmental Interaction and phenotype study	confirmed, upheld on re-review	GCST90104115	PMID:35121771	we used data from the Gene-Environment of Interaction and phenotype (GENIE) cohort	https://www.ebi.ac.uk/europepmc/webservices/rest/PMC8817039/fullTextXML	yes	high	
COHO:0000187	China Atherosclerosis Study	confirmed, upheld on re-review	GCST90239651	PMID:34887591	the China Atherosclerosis Study	https://media.springernature.com/original/springer-static/esm/art%3A10.1038%2Fs41586-021-04064-3/MediaObjects/41586_2021_4064_MOESM4_ESM.xlsx	yes	high	
COHO:0000188	Diabetes Prediction and Prevention	found		PMID:19075291	Type 1 Diabetes prediction and prevention study [DIPP]	https://europepmc.org/articles/PMC2605239	yes	high	
COHO:0000189	Functional genomic diagnostic tools for coronary artery disease	found	GCST011566	PMID:33766035	as part of a multi-center cross-sectional study for the FGENTCARD Consortium	https://eutils.ncbi.nlm.nih.gov/entrez/eutils/efetch.fcgi?db=pmc&id=7993530	yes	high	
COHO:0000190	German Chronic Kidney Disease Study	confirmed, upheld on re-review	GCST90264176	PMID:37277652	5,023 participants of the German Chronic Kidney Disease study	https://www.ebi.ac.uk/europepmc/webservices/rest/PMC10260405/fullTextXML	yes	high	
COHO:0000191	German Longevity Study	found		PMID:40232348	German longevity study reveals novel rare pro-longevity alleles clustering in mTOR signaling pathway	https://eutils.ncbi.nlm.nih.gov/entrez/eutils/efetch.fcgi?db=pmc&id=12181166	yes	high	
COHO:0000192	Global Registry of Acute Coronary Events	found		PMID:20231156	patients with ACS enrolled in the Global Registry of Acute Coronary Events (GRACE)	https://europepmc.org/article/MED/20231156	yes	high	
COHO:0000193	TwinGene Study	confirmed, upheld on re-review	GCST90020053	PMID:34431594	The TwinGene study was approved by the Regional Ethics Review Board, Stockholm	https://www.ebi.ac.uk/europepmc/webservices/rest/PMC8441299/fullTextXML	yes	high	
COHO:0000194	Uppsala Longitudinal Study of Adult Men	confirmed, upheld on re-review	GCST90728697	PMID:40038546	Uppsala Longitudinal Study of Adult Men	https://www.ebi.ac.uk/europepmc/webservices/rest/PMC11985341/supplementaryFiles#41588_2024_2064_MOESM6_ESM.xlsx	no	high	
COHO:0000195	Baltimore Longitudinal Study of Ageing	confirmed, upheld on re-review	GCST90624144	PMID:40111762	the Baltimore Longitudinal Study of Aging	https://www.ncbi.nlm.nih.gov/research/bionlp/RESTful/pmcoa.cgi/BioC_xml/PMC12295682/unicode	yes	high	
COHO:0000196	Motor Neuron Disease Biobank study	found	GCST000820	PMID:20801717	UK National DNA Bank for Motor Neuron Disease Research ( MND DNA bank )	https://europepmc.org/articles/PMC3257853	yes	high	
COHO:0000197	Diabetic Cohort	confirmed, upheld on re-review	GCST90482719	PMID:39621102	the Diabetic Cohort (DC, n =6543)	https://link.springer.com/article/10.1007/s00125-024-06324-z	no	high	The methods explicitly include DC (6,543 recruited participants); its name also appears in the retrieved PubMed XML acknowledgements.
COHO:0000198	Ely Study	confirmed, upheld on re-review	GCST90267567	PMID:37291194	The Ely study was supported by the Medical Research Council	https://www.ebi.ac.uk/europepmc/webservices/rest/PMC7614755/supplementaryFiles#EMS178611-supplement-Supplementary_Note.pdf	no	high	The supplementary cohort table additionally includes Ely (1,248 participants).
COHO:0000199	Genetic Asthma Susceptibility to Indoor Pollution in Peru	found	GCST90091010	PMID:33713768	Genetic Asthma Susceptibility to Indoor Pollution in Peru (GASP study)	https://eutils.ncbi.nlm.nih.gov/entrez/eutils/efetch.fcgi?db=pmc&id=8429514	yes	high	
COHO:0000200	Parkinson's Progression Markers Initiative	confirmed, upheld on re-review	GCST90270130	PMID:36370000	Parkinson’s Progression Markers Initiative	https://www.ebi.ac.uk/europepmc/webservices/rest/PMC10151180/fullTextXML	yes	high	
COHO:0000201	Psychosis Endophenotype Consortium	found	GCST002149	PMID:23974872	the Psychosis Endophenotype Consortium	https://europepmc.org/articles/PMC3827979	yes	high	
COHO:0000202	Study of Health in Pomerania	confirmed, upheld on re-review	GCST90096930	PMID:34782712	The Study of Health in Pomerania consists of two population-based independent cohorts	https://www.ebi.ac.uk/europepmc/webservices/rest/PMC7612684/fullTextXML	yes	high	
COHO:0000203	The Cooperative Health Research in South Tyrol	confirmed, upheld on re-review	GCST90095475	PMID:34827661	The Cooperative Health Research in South Tyrol (CHRIS) study	https://www.ebi.ac.uk/europepmc/webservices/rest/PMC8615508/fullTextXML	yes	high	
COHO:0000204	The Health Effects of Arsenic Longitudinal Study	found	GCST001421	PMID:22383894	The Health Effects of Arsenic Longitudinal Study (HEALS)	https://europepmc.org/articles/PMC3285587	yes	high	
COHO:0000205	TwinGene Registry	found	GCST90020053	PMID:34431594	TwinGene study	https://europepmc.org/articles/PMC8441299	yes	high	
