catalogue id	name	COHO ID	decision	xref	website	note
Golestan Cohort Study	Golestan Cohort Study	COHO:0002671	mint cohort		https://dceg2.cancer.gov/gemshare/studies/GCS/	"IHCC Cohort Atlas entry ""Golestan Cohort Study"" (https://atlas.ihccglobal.org/), checked against its sources on 2026-09-25. No COHO term has Golestan or the acronym GCS (COHO:0000268 has the synonym 'ICGC GCS', a different string). The atlas's website link (GEMShare study page) now returns 'page not found'. The oesophageal-cancer purpose rests on the profile's title; the rest of the definition on the Alcala paper's methods. Acronym GCS is used for the cohort in the Alcala paper ('Golestan Cohort Study (GCS)'). Could not read: PMID:19332502 (cohort profile, full text not available; requested)."
Estonian Biobank	Estonian Biobank	COHO:0000064	existing		https://genomics.ut.ee/en/content/estonian-biobank	"IHCC Cohort Atlas entry ""Estonian Biobank"" (https://atlas.ihccglobal.org/), matched to the term by name on 2026-09-25; the atlas's name for it is added as a synonym."
Danish National Birth Cohort/Statens Serum Institut	Danish National Birth Cohort/Statens Serum Institut	COHO:0000748	existing		https://www.dnbc.dk/	"IHCC Cohort Atlas entry ""Danish National Birth Cohort/Statens Serum Institut"" (https://atlas.ihccglobal.org/), checked against its sources on 2026-09-25. The atlas entry is the Danish National Birth Cohort (website dnbc.dk, 1996-2002 enrolment), with its host institution appended; the cohort's website gives its contact as 'Danish National Birth Cohort Danish National Biobank Statens Serum Institut'. Same people as COHO:0000748, which already has DNBC. The atlas's combined name is offered as a synonym because the catalogue tags it; the curator may prefer to leave it out as it names the institution too."
Norwegian Family Based Life Course Study	Norwegian Family Based Life Course Study	COHO:0002672	mint cohort			"IHCC Cohort Atlas entry ""Norwegian Family Based Life Course Study"" (https://atlas.ihccglobal.org/), checked against its sources on 2026-09-25. The atlas links the NFLC design paper. NFLC is a national census-and-register linkage, not a recruited sample, but it is a defined population (all census participants 1960-2001) followed over their life course, like the register cohorts COHO already holds. The atlas's enrolment period (2022) and size (7.4 million) do not match the paper (5,266,270 included); probably a later update. No COHO term resembles it. The synonym 'Norwegian family based life course study' is the case variant in the abbreviation list of PMID:28356092. Could not read: PMID:22735991 (design paper, full text). The atlas's website field gives a paper (https://pubmed.ncbi.nlm.nih.gov/22735991/), not a site, so it is not recorded."
NICCC	NICCC		not a cohort			"IHCC Cohort Atlas entry ""NICCC"" (https://atlas.ihccglobal.org/), checked against its sources on 2026-09-25. NICCC is the Clalit National Israeli Cancer Control Center in Haifa (director Gad Rennert), an institution, not a defined group of people. The atlas gives no description, only 50,000 enrolled since 2000, which matches the centre's population-based case-control studies run since 2000 (the Breast Cancer in Northern Israel Study, COHO:0001518, has enrolled since January 2000; also the Molecular Epidemiology of Colorectal Cancer study, COHO:0000618, and the lung cancer study NICCC-LCA, placeholder COHO:0002150), and in consortia the name tags different samples (a BRCA carrier series from its familial cancer service in CIMBA). No source says which people the atlas's 50,000 are. COHO already has the uncurated placeholder COHO:0002149 'National Israeli Cancer Control Center' (NICCC, from the PGS Catalog) for the same institution name; it should be resolved the same way (obsoleted, or pointed to the specific study the PGS Catalog sample used), and could take 'NICCC' from this atlas entry if kept. The IHCC site's page on the lead investigator (ihccglobal.org/gad-rennert-m-d-ph-d/) returns 404."
Tohoku University, Tohoku Medical Megabank Organization	Tohoku University, Tohoku Medical Megabank Organization	COHO:0000533	existing		http://www.megabank.tohoku.ac.jp/english/	"IHCC Cohort Atlas entry ""Tohoku University, Tohoku Medical Megabank Organization"" (https://atlas.ihccglobal.org/), checked against its sources on 2026-09-25. The atlas entry is the institution that runs the Tohoku Medical Megabank Project, and its numbers (150,000 enrolled, target 157,000) are the two TMM cohorts together, the CommCohort (COHO:0000938) and BirThree (COHO:0000939) studies. COHO:0000533 (cohort aggregation, synonym 'Tohoku Medical Megabank Organization') is the project with both cohorts, so the entry is that term. Two placeholders look relevant for the curator: COHO:0002466 'The Tonhoku Medical Megabank Organisations' (a misspelt catalogue name for the same project, probably to be merged into COHO:0000533) and COHO:0001913 'Iwate Tohoku Medical Megabank' (the Iwate partner organisation)."
Korean Cancer Prevention Study (KCPS-II Biobank)	Korean Cancer Prevention Study (KCPS-II Biobank)	COHO:0000486	existing			"IHCC Cohort Atlas entry ""Korean Cancer Prevention Study (KCPS-II Biobank)"" (https://atlas.ihccglobal.org/), checked against its sources on 2026-09-25. The atlas links the KCPS-II Biobank cohort profile, lists Sun Ha Jee and enrolment 2004-2013 of 160,407, which is the KCPS-II Biobank, COHO:0000486. The atlas's name begins 'Korean Cancer Prevention Study', which is also the name of the earlier, separate KCPS (KCPS-I) cohort of National Health Insurance members; COHO:0000486 already carries the acronym KCPS, which strictly denotes that earlier cohort, and the curator may want to check that (no separate KCPS-I term exists in COHO). 'Korean Cancer Prevention Study-II (KCPS-II) Biobank' is the profile's title form. Could not read: PMID:29186422 (cohort profile full text). The atlas's website field gives a paper (https://pubmed.ncbi.nlm.nih.gov/29186422/), not a site, so it is not recorded."
Uganda General Population Cohort/Uganda Genome Resource/ MRC Uganda	Uganda General Population Cohort/Uganda Genome Resource/ MRC Uganda	COHO:0000345	existing			"IHCC Cohort Atlas entry ""Uganda General Population Cohort/Uganda Genome Resource/ MRC Uganda"" (https://atlas.ihccglobal.org/), checked against its sources on 2026-09-25. The atlas entry names the Uganda General Population Cohort (enrolment from 1989, about 22,000 people, matching 'approximately 22,000 individuals' in the UGR paper), its genomic resource (UGR) and the unit that runs it (MRC/UVRI and LSHTM Uganda Research Unit). COHO:0000345 already has 'Uganda Genome Resource' as a synonym; it lacks the acronym UGR (no other COHO term uses it). The atlas's combined string is offered as a synonym because the catalogue tags it; 'MRC Uganda' alone names the research unit and is not offered. The atlas's website field gives a paper (https://www.sciencedirect.com/science/article/pii/S0092867419311201), not a site, so it is not recorded."
C19-GenoNet	C19-GenoNet	COHO:0002673	mint cohort		https://biobanco.uchile.cl/proyecto-c19-genonet-2/	"IHCC Cohort Atlas entry ""C19-GenoNet"" (https://atlas.ihccglobal.org/), checked against its sources on 2026-09-25. C19-GenoNet is the Chilean COVID-19 genomics network whose participants are those of the Chilean COVID-19 Biorepository (2,262 adults enrolled from September 2020, most intensively October 2020 to February 2021; the atlas says 2020-2021, 3,000). The design paper calls the cohort 'the Chilean COVID-19 Biorepository' throughout and 'The Chilean COVID-19 Genomics Network Biorepository' in its title, and says 'our team founded the COVID-19 Genomics Network (C19-GenoNet)'; the long-COVID GWAS tags the sample 'COVID-19 Genomics Network (C19-GenoNet)'. The label could equally be the title form; the curator should pick. No COHO term resembles it. The recruitment end date is not stated exactly; 'into 2021' rests on the recruitment figure (a June 2021 entry is said to be a data correction). It may be a member of the COVID-19 Host Genetics Initiative if COHO has that aggregation; no source read here says so directly."
UK Blood Donor Cohorts	UK Blood Donor Cohorts		unresolved		http://www.intervalstudy.org.uk/	"IHCC Cohort Atlas entry ""UK Blood Donor Cohorts"" (https://atlas.ihccglobal.org/), checked against its sources on 2026-09-25. The atlas's website is the INTERVAL study site (now returning a server error) and its numbers (2012 onwards, 100,000 enrolled, target 300,000) cover more than INTERVAL alone, so the entry is the University of Cambridge/NHSBT blood donor studies together, which their own sources call the 'Blood Donors Studies' (and the 'Blood Donor Studies BioResource'). Members in COHO: INTERVAL (COHO:0000184) and COMPARE (COHO:0000237); STRIDES (Strategies to Improve Donor Experiences, England 2019-2022, from PMID:41268819) is not in COHO and would need its own term to be a member. The example is a preprint without a PMID (the only source found that analyses the three studies together); a peer-reviewed paper would be better if one appears. Not the same as COHO:0000347 (UK Blood Service Control Group, the WTCCC controls) or COHO:0000123 (NHS Blood and Transplant). The country quote says England; United_Kingdom is the nearest name in gaz_xrefs.tsv. Not minted on 2026-09-25: no paper with a PMID uses the three studies together (its example is a preprint); the record above is kept."
Israel Genome Project	Israel Genome Project		unresolved		https://www.academy.ac.il/Index3/Entry.aspx?nodeId=842&entryId=18745	"IHCC Cohort Atlas entry ""Israel Genome Project"" (https://atlas.ihccglobal.org/), checked against its sources on 2026-09-25. I could not tell which group of people this entry is. The atlas gives Gad Rennert (Clalit National Israeli Cancer Control Center) as lead and 140,000 enrolled, but its website link is a general brochure on human genome research in Israel, which is not a cohort. Two candidates, neither confirmed: (1) the Clalit '100K Israeli Genomes' genomic-medicine randomised trial Rennert presented to G2MC in 2020 (web search snippets only; the pages would not load, and in 2020 Clalit was described as 'planning' it, so it may have no participants); (2) Psifas, the national genome initiative the press calls the 'Israeli Genome Project', launched January 2023 with Clalit as a major partner (about 50,000 samples by late 2024, so it does not match 140,000 or Rennert as lead). No COHO term matches either (the resembling 'Genome Project' terms are other countries'). Suggest reading PMID:35576557 (Annu Rev Biomed Data Sci 2022, which may tabulate IHCC cohorts) or asking IHCC before minting; if it turns out to be a planned programme without enrolled participants, it is not a cohort. Could not read: PMID:35576557 (mentions 'Israel Genome Project'; not open access), PMID:34532599 (mentions 'Israel Genome Project'; not open access)."
Million Women Study	Million Women Study	COHO:0002674	mint cohort		http://www.millionwomenstudy.org/introduction/	"IHCC Cohort Atlas entry ""Million Women Study"" (https://atlas.ihccglobal.org/), checked against its sources on 2026-09-25. The Million Women Study (Oxford Cancer Epidemiology Unit), a UK cohort of about 1.3 million women recruited through breast screening in 1996–2001; the atlas's website redirects to the unit's study page. No COHO term has it (the suggested Women's Health Study/Initiative etc. are different cohorts). No acronym is used by the study's own pages, so none is given. Papers not in the cache (the request watcher is stopped): texts were read directly from Europe PMC's full-text XML, and PMIDs 11056681 and 42167794 were appended to needed_urls.txt. The study's recruitment page (https://www.ceu.ox.ac.uk/research/the-million-women-study/about-the-study/recruitment-and-data-collection) says recruitment was at '66 participating centres across England and Scotland, between 1996 and 2001', but it refuses requests with a bare 'Mozilla/5.0' user agent, so the country quote is taken from the design paper instead."
Netherlands Twin Registry	Netherlands Twin Registry	COHO:0000125	existing		https://tweelingenregister.vu.nl/	"IHCC Cohort Atlas entry ""Netherlands Twin Registry"" (https://atlas.ihccglobal.org/), matched to the term by name on 2026-09-25; the atlas's name for it is added as a synonym."
Saudi National Biobank	Saudi National Biobank	COHO:0002675	mint cohort			"IHCC Cohort Atlas entry ""Saudi National Biobank"" (https://atlas.ihccglobal.org/), checked against its sources on 2026-09-25. The atlas's 'Saudi National Biobank' is the Saudi Biobank of King Abdullah International Medical Research Center (KAIMRC): the Biobank Resource Centre registry names the atlas's lead investigator as its biobank leader, and KAIMRC papers call it the Saudi National Biobank (SNB) and the Saudi Biobank (SBB). It is not the separate National Biobank inaugurated by the Public Health Authority (Weqaya) in 2023, and not COHO:0002343 (Saudi Newborn Cohort). No COHO term has it. Texts read directly from Europe PMC (the request watcher is stopped); PMIDs appended to needed_urls.txt where relevant."
WHI (Women's Health Initiative)	WHI (Women's Health Initiative)	COHO:0000409	existing		https://www.whi.org/	"IHCC Cohort Atlas entry ""WHI (Women's Health Initiative)"" (https://atlas.ihccglobal.org/), matched to the term by name on 2026-09-25; the atlas's name for it is added as a synonym."
PERSIAN Cohort Study	PERSIAN Cohort Study	COHO:0002676	mint cohort		http://persiancohort.com	"IHCC Cohort Atlas entry ""PERSIAN Cohort Study"" (https://atlas.ihccglobal.org/), checked against its sources on 2026-09-25. PERSIAN, Iran's national adult cohort (18 recruitment sites, one per participating university), run from the Digestive Diseases Research Institute, Tehran. The biobank paper says the name refers to the main adult cohort and that the programme also has purpose-built Birth, Youth, Elderly, Employee and Accident subcohorts; the site cohorts (Fasa, Shahrekord, Kharameh etc.) are parts of it, none of which is in COHO. It is one cohort with a common protocol, not an aggregation. The website capitalises the name 'Prospective Epidemiological Research Studies in IrAN' to form the acronym, kept as a synonym. Not in COHO; the Golestan Cohort Study, a separate atlas entry, is an earlier cohort of the same institute. Could not read: PMID:29145581 (Prospective Epidemiological Research Studies in Iran (the PERSIAN Cohort Study): Rationale, Objectives, and Design; Am J Epidemiol 2018, not open access; requested)."
Biobank Japan	Biobank Japan	COHO:0000377	existing		https://biobankjp.org/english/index.html	"IHCC Cohort Atlas entry ""Biobank Japan"" (https://atlas.ihccglobal.org/), matched to the term by name on 2026-09-25; the atlas's name for it is added as a synonym."
Danish National Biobank	Danish National Biobank		not a cohort		http://www.biobankdenmark.dk/	"IHCC Cohort Atlas entry ""Danish National Biobank"" (https://atlas.ihccglobal.org/), checked against its sources on 2026-09-25. The Danish National Biobank (DNB) at Statens Serum Institut, is national research infrastructure, not a defined group of people: its three pillars are the Danish Biobank Register (an overview of samples held across the Danish health system and participating research biobanks), the storage facility itself, and a coordinating centre. It holds more than 25 million samples routinely collected by the health service or deposited by external and internal research projects; the home page says 'The DNB stores millions of samples. With some exemptions most samples are available for use in research projects.' (https://www.danishnationalbiobank.com/) and the about page 'The Danish National Biobank has 3 pillars: The Danish Biobank Register with detailed information about the samples available in the Danish health system and in the large research biobanks participating.' (https://www.danishnationalbiobank.com/about-dnb). The cohorts are the collections it stores (for example the Danish National Birth Cohort, COHO:0000748, a separate atlas entry, and the neonatal screening biobank used by iPSYCH, COHO:0000512), which should be curated in their own right. Caveat for the curator: COHO:0000926 (National Biobank of Korea) is typed as a cohort, a precedent for treating a national biobank hub as one; if that precedent is followed, this would be a new cohort defined from the pages above."
Generation Victoria (GenV)	Generation Victoria (GenV)	COHO:0002677	mint cohort		https://genv.org.au//	"IHCC Cohort Atlas entry ""Generation Victoria (GenV)"" (https://atlas.ihccglobal.org/), checked against its sources on 2026-09-25. Generation Victoria, Australia's statewide birth and parent cohort run by the Murdoch Children's Research Institute, Melbourne. Not in COHO (the suggested Generation R/Scotland/XXI terms are other cohorts). The website (genv.org.au) is behind a bot check, so the design papers were used. The protocol also describes the special care nursery registry and other depth subcohorts inside GenV, not separate atlas entries. Texts read directly from Europe PMC (the request watcher is stopped)."
European Investigation of Cancer and Nutrition (EPIC)	European Investigation of Cancer and Nutrition (EPIC)	COHO:0000065	existing		http://epic.iarc.fr/	"IHCC Cohort Atlas entry ""European Investigation of Cancer and Nutrition (EPIC)"" (https://atlas.ihccglobal.org/), matched to the term by name on 2026-09-25; the atlas's name for it is added as a synonym."
South Asia Biobank	South Asia Biobank	COHO:0002678	mint cohort			"IHCC Cohort Atlas entry ""South Asia Biobank"" (https://atlas.ihccglobal.org/), checked against its sources on 2026-09-25. The South Asia Biobank, a multi-country population study of South Asians led from Imperial College London (the atlas's lead investigator is the corresponding author of its data resource profile). The atlas lists India, Sri Lanka and Bangladesh; the profile also recruited in Pakistan, so four countries are given. Not in COHO (the suggested biobanks are unrelated; LOLIPOP, COHO:0000567, is a separate London cohort of the same group). The 'South Asia Biobank Study' synonym is from the example paper. Texts read directly from Europe PMC (the request watcher is stopped)."
Dementias Platform UK	Dementias Platform UK	COHO:0002679	mint aggregation		https://portal.dementiasplatform.uk/	"IHCC Cohort Atlas entry ""Dementias Platform UK"" (https://atlas.ihccglobal.org/), checked against its sources on 2026-09-25. DPUK is an MRC-funded platform and data portal that collects many distinct cohorts ('It is a data repository facilitating access to data for 3 370 929 individuals in 42 cohorts.' and 'DPUK collaborates with 42 clinical and population cohorts (Table 1).', PMID:32328990; more than 60 by 2024). It recruits no participants of its own, so it is an aggregation of its member cohorts rather than a cohort. If the curator treats a data portal as a data warehouse, the verdict would be 'not a cohort' instead. Members are the Table 1 cohorts that are COHO terms or this check's entries; each quote is that cohort's cell in Table 1 of the 2020 paper (the table's rows are single cells, so the quote is just the cohort's name and reference number). Left out: GERAD EOAD/LOAD (collections within the GERAD consortium, COHO:0000646), Whitehall II (COHO has only the Whitehall Study, COHO:0002571, which is Whitehall I), and cohorts not in COHO (AMPLE, BRACE, CFAS I/II, DELPHIC, DFP pilot, EPINEF, ICICLE-PD, NIMROD, SAIL-DeC, SMC Amyloid, TRACK-HD, Cam-CAN, CHARIOT, HealthWise Wales, PREVENT, PRIME, PROTECT, UK GENFI). ALSPAC is listed as ALSPAC Children and ALSPAC Parents, both COHO:0000016; ELSA [24] is The English Longitudinal Study of Ageing (COHO:0000163), not COHO:0001320; EXTEND is taken to be the Exeter 10,000 Study (COHO:0001715, an uncurated placeholder), which carries that acronym; Memento is the French MEMENTO cohort, which explains France in the atlas's countries. The atlas also lists France and South Korea, but no text read here names cohorts from them beyond MEMENTO, so only the United Kingdom is given, from the name. Texts read directly from Europe PMC (the request watcher is stopped)."
Northern Sweden Health and Disease	Northern Sweden Health and Disease	COHO:0000927	existing			"IHCC Cohort Atlas entry ""Northern Sweden Health and Disease "" (https://atlas.ihccglobal.org/), checked against its sources on 2026-09-25. The atlas entry is the Northern Sweden Health and Disease Study (its name is truncated and ends with a space). The atlas's website is the NSHDS page of Umeå University's Biobank Research Unit, which says 'Our main cohort is the Northern Sweden Health and Disease Study, NSHDS, with over 143,000 participants.' and describes the three subcohorts VIP, MSP and MONICA; the atlas's enrolment period from 1985 matches. So it is COHO:0000927, which already has the acronym NSHDS and links its subcohorts (the Västerbotten Intervention Project, COHO:0002549, is one). The only name the term lacks is the atlas's truncated form, given as a synonym without the trailing space."
Genes & Health	Genes & Health	COHO:0000244	existing		http://www.genesandhealth.org/	"IHCC Cohort Atlas entry ""Genes & Health"" (https://atlas.ihccglobal.org/), matched to the term by name on 2026-09-25; the atlas's name for it is added as a synonym."
Iganga Mayuge HDSS, Makerere University Centre for Health and Population Research (MUCHAP)	Iganga Mayuge HDSS, Makerere University Centre for Health and Population Research (MUCHAP)	COHO:0002680	mint cohort		https://muchap.org/	"IHCC Cohort Atlas entry ""Iganga Mayuge HDSS, Makerere University Centre for Health and Population Research (MUCHAP)"" (https://atlas.ihccglobal.org/), checked against its sources on 2026-09-25. A health and demographic surveillance site (the atlas name joins it with the institution that runs it, MUCHAP), typed as a cohort like the Agincourt HDSS (COHO:0000912). Not in COHO. The sources disagree on its founding year (2004 in PMID:28799450, 2005 in PMID:35427403 and the atlas's enrolment period), so the definition says mid-2000s; the cohort profile (PMID:32556335, requested) should settle it. The label follows the cohort profile's title; the acronym forms IMHDSS and IM-HDSS are both used in papers, and 'IMHDSS, Uganda' is the profile title's form. The atlas's website muchap.org now redirects to an unrelated site. Texts read directly from Europe PMC (the request watcher is stopped). Could not read: PMID:32556335 (Cohort Profile: The Iganga-Mayuge Health and Demographic Surveillance Site, Uganda (IMHDSS, Uganda); Int J Epidemiol 2020, not open access; requested)."
US NIH	US NIH		unresolved			"IHCC Cohort Atlas entry ""US NIH"" (https://atlas.ihccglobal.org/), checked against its sources on 2026-09-25. The atlas entry names only an agency ('US NIH'), with no website or description. Its lead investigator is the named author of the ECHO-Wide Cohort's dataset, which is cited in PMID:36963379 as 'Gillman M. Environmental Influences on Child Health Outcomes (ECHO)-Wide Cohort (Version 1) [dataset]. NICHD Data and Specimen Hub.', so the entry is taken to be the NIH's ECHO Cohort; the atlas's figures (about 105,000 enrolled, target 135,000) are of the same order as ECHO's children plus caregivers but do not match any figure read here. The identification rests on that link alone, so the curator may prefer 'unresolved'. ECHO is an aggregation: 69 existing cohorts in 31 consortia whose data are harmonised and who collect new data under a common protocol (from 2023, 'Cycle 2', it also recruits new pregnancies at Cohort Study Sites); if COHO prefers to treat the common-protocol ECHO Cohort as one cohort, the record works unchanged with type cohort. Not in COHO. 'US NIH' is kept among the acronyms because it is the atlas's name for the entry, although it names the agency, not the cohort; the curator may prefer to drop it. No members are given because the member list (Web Table 1) was not read. Could not read: Web Table 1 of PMID:36963379 (the list of the 69 ECHO cohorts, on the publisher's site), to fill members; Project Viva (COHO:0001254) is one, but no text read here states it. Not minted on 2026-09-25: the identification as the ECHO Cohort rests on the lead investigator alone, and the ECHO Cohort has its own entry; the record above is kept."
HUNT 70+, The HUNT Study	HUNT 70+, The HUNT Study	COHO:0002681	mint cohort		http://www.ntnu.edu/hunt	"IHCC Cohort Atlas entry ""HUNT 70+, The HUNT Study"" (https://atlas.ihccglobal.org/), checked against its sources on 2026-09-25. The atlas names the entry ""HUNT 70+, The HUNT Study"" but its other fields (website ntnu.edu/hunt, enrolment from 1984, 240000 participants) describe the whole Trøndelag Health Study (COHO:0000395). HUNT4 70+ is a named sub-study of HUNT4 (inhabitants aged 70+, 2017–19, followed up as the Ageing in Trøndelag study 2021–23), not in COHO, so I give it as a new cohort isSubCohortOf HUNT. If the curator reads the atlas entry as HUNT itself (the numbers support that), it is instead existing COHO:0000395 and would only add the synonym ""HUNT 70+, The HUNT Study"". Could not read: PMID:41709676 (Cohort Profile Update: HUNT4 70+, not open access; requested in needed_urls.txt, not read)."
EpiHealth	EpiHealth	COHO:0001697	existing			"IHCC Cohort Atlas entry ""EpiHealth"" (https://atlas.ihccglobal.org/), checked against its sources on 2026-09-25. COHO already has EpiHealth as the uncurated placeholder COHO:0001697 (label ""Epidemiology for Health"", acronym EpiHealth). The atlas entry is the same cohort (Sweden, lead Lars Lind, enrolment 2011–2018, 25000; papers give 25,080 participants aged 45–75). Type cohort. I give a definition, country, example and two name variants the papers use so the placeholder can be curated; the label ""Epidemiology for Health"" is used by the papers (""The Epidemiology for Health cohort (EpiHealth""), so it can stay. Could not read: PMID:23435790 (EpiHealth design paper, Lind et al. 2013, not open access; requested in needed_urls.txt, not read)."
Coronagenes/University of Edinburgh	Coronagenes/University of Edinburgh	COHO:0002682	mint cohort		https://www.ed.ac.uk/coronagenes/about/coronagenes-study	"IHCC Cohort Atlas entry ""Coronagenes/University of Edinburgh"" (https://atlas.ihccglobal.org/), checked against its sources on 2026-09-25. Coronagenes is the University of Edinburgh (MRC Human Genetics Unit) COVID-19 host-genetics study that enrolled volunteers who uploaded direct-to-consumer genotype data (23andMe, Ancestry, MyHeritage, FTDNA) and answered questionnaires; a defined set of participants, so a cohort; not in COHO. The study website now 404s; the Wayback copy was read. Countries: none given, because recruitment was international (the University news item says ""we need the solidarity of a large proportion of people from different countries who can share their DNA testing results with us"") and no source I read says where participants live; the atlas lists United Kingdom, which is where the study is run (ethics by the West Midlands Research Ethics Committee), so the curator could add United_Kingdom from the atlas if that is acceptable. Parent: Coronagenes contributed cases and controls to the COVID-19 Host Genetics Initiative (COHO:0000238) meta-analysis; the quote is its row of the HGI supplementary study table, so the link would be COHO:0000238 hasCohort Coronagenes. The example uses the same row, which is the only text I found that names Coronagenes in a paper."
BioVU Vanderbilt	BioVU Vanderbilt	COHO:0000417	existing		https://victr.vumc.org/biovu-description/	"IHCC Cohort Atlas entry ""BioVU Vanderbilt"" (https://atlas.ihccglobal.org/), checked against its sources on 2026-09-25. The atlas entry (Vanderbilt, USA, website victr.vumc.org/biovu-description, lead Dan Roden, enrolment from 2007) is Vanderbilt University Medical Center's DNA biobank BioVU, COHO:0000417 (label BioVU, synonyms Vanderbilt, Vanderbilt DNA Databank, Vanderbilt Biobank). The only name it lacks is the atlas's own, ""BioVU Vanderbilt"". EAGLE BioVU (COHO:0000751) is a subset, not this entry."
German National Cohort (NAKO)	German National Cohort (NAKO)	COHO:0002683	mint cohort		http://nako.de/	"IHCC Cohort Atlas entry ""German National Cohort (NAKO)"" (https://atlas.ihccglobal.org/), checked against its sources on 2026-09-25. The German National Cohort / NAKO Gesundheitsstudie, Germany's national population cohort (lead Annette Peters, 2014–2019, about 205,000 participants). Not in COHO under any name: searched German National, NAKO, GNC, Gesundheitsstudie and National Cohort. The Global Exposome Cohort Catalogue review (src/curation/exposome_catalogue_review.tsv) holds an unresolved row GNC that it inferred to be this cohort; if this is minted, that row can point to it. ""GNC"" is the English abbreviation used in papers (e.g. PMID:36360473 per that review row; I did not re-read it). The English papers call it ""German National Cohort (NAKO)"", used here as label; the cohort's German name is ""NAKO Gesundheitsstudie"" (its website) and ""NAKO Health Study"" is its English name; the curator may prefer that as label since the cohort now uses it."
The Malaysian Cohort	The Malaysian Cohort	COHO:0002684	mint cohort		http://www.ukm.my/mycohort/ms/	"IHCC Cohort Atlas entry ""The Malaysian Cohort"" (https://atlas.ihccglobal.org/), checked against its sources on 2026-09-25. The Malaysian Cohort (TMC), the national population cohort run by Universiti Kebangsaan Malaysia (website ukm.my/mycohort, lead Rahman Jamal, from 2007 per the atlas; the papers say recruitment ran 2006–2012 with 106,527 participants). Not in COHO: the Malaysian Breast Cancer cohort (COHO:0000295) and Malaysia Ovarian Cancer Genetic Study (COHO:0002103) are different studies. No other COHO term uses the acronym TMC. The quotes: ""The Malaysian Cohort (TMC) project is a large population-based cohort study that managed to recruit 106,527 participants over a period from the year 2006 until 2012"" (PMC8305012)."
Center for Applied Genomics, Children's Hospital of Philadelphia	Center for Applied Genomics, Children's Hospital of Philadelphia	COHO:0000489	existing			"IHCC Cohort Atlas entry ""Center for Applied Genomics, Children's Hospital of Philadelphia"" (https://atlas.ihccglobal.org/), checked against its sources on 2026-09-25. The atlas names the institution (Center for Applied Genomics at CHOP, lead Hakon Hakonarson, enrolment from 2006); its cohort is the CAG biobank of paediatric and adult participants, COHO:0000489 ""Center for Applied Genomics Biobank"" (synonyms CHOP, CAG, Children's Hospital of Philadelphia, CAG biobank). The IHCC study PMID:37337639 uses it: ""57 613 randomly selected individuals with genotypes and BMI data from the the Center for Applied Genomics biobank at the Children's Hospital of Philadelphia were used for the validation."" Only the atlas's own name is missing."
Genomics England / 100,000 Genomes Project	Genomics England / 100,000 Genomes Project	COHO:0000206	existing		https://www.genomicsengland.co.uk/	"IHCC Cohort Atlas entry ""Genomics England / 100,000 Genomes Project"" (https://atlas.ihccglobal.org/), matched to the term by name on 2026-09-25; the atlas's name for it is added as a synonym."
American Cancer Society Cancer Prevention Study-3	American Cancer Society Cancer Prevention Study-3	COHO:0002685	mint cohort		https://www.cancer.org/research/cps3-cancer-prevention-study-3.html	"IHCC Cohort Atlas entry ""American Cancer Society Cancer Prevention Study-3"" (https://atlas.ihccglobal.org/), checked against its sources on 2026-09-25. CPS-3, the American Cancer Society's third Cancer Prevention Study cohort (lead Alpa Patel, 2006–2013, about 303,000 participants). Not in COHO: COHO:0000024 ""Cancer Prevention Study"" is CPS-II (enrolled 1982; its synonyms include CPS-II and the generic acronym CPS). CPS-3 was recruited separately, so it is a new cohort, not a sub-cohort of COHO:0000024; no source makes it part of another cohort. The acronym CPS is not used for CPS-3 here, so no shared-acronym note is needed."
Civil Service Hospital, Minbhawan Kathmandu Nepal	Civil Service Hospital, Minbhawan Kathmandu Nepal		not a cohort			"IHCC Cohort Atlas entry ""Civil Service Hospital, Minbhawan Kathmandu Nepal"" (https://atlas.ihccglobal.org/), checked against its sources on 2026-09-25. The atlas entry is a hospital (Civil Service Hospital, Minbhawan, Kathmandu, Nepal) with 100 participants enrolled in 2019 and no website, no description and no study name. I found no paper or web page describing a named cohort or biobank there. As recorded it is an institution with an unnamed sample of 100 people, which by the checking rules is not a cohort. If a named study turns up (for example from the lead investigator), it can be revisited; country would be Nepal, which is not in gaz_xrefs.tsv (DBpedia resource Nepal)."
ELSA-Brasil	ELSA-Brasil	COHO:0001320	existing		http://www.elsa.org.br/oelsabrasil.html	"IHCC Cohort Atlas entry ""ELSA-Brasil"" (https://atlas.ihccglobal.org/), matched to the term by name on 2026-09-25; the atlas's name for it is added as a synonym."
Personalized Genes and Environment Study/NIEHS	Personalized Genes and Environment Study/NIEHS	COHO:0002686	mint cohort		https://www.niehs.nih.gov/research/clinical/studies/pegs/index.cfm	"IHCC Cohort Atlas entry ""Personalized Genes and Environment Study/NIEHS"" (https://atlas.ihccglobal.org/), checked against its sources on 2026-09-25. The NIEHS Personalized Environment and Genes Study (PEGS), which began in 2002 as the Environmental Polymorphisms Registry (EPR) and was renamed in 2022 (""The EPR was renamed the Personalized Environment and Genes Study in 2022."", PMC13216552); participants are recruited at NIEHS's Clinical Research Unit and community sites in North Carolina. The atlas swaps the words (""Personalized Genes and Environment Study""); the study's own name is ""Personalized Environment and Genes Study"". Not in COHO under PEGS, EPR or either name; the resembling COHO names are unrelated. The country quote names North Carolina, a US state. The atlas's enrolment period ""2013:2013"" does not match the papers (registry from 2002, enrolment ongoing); the definition follows the paper. EPR as an acronym is a former name; no COHO term uses EPR or PEGS."
Sequence Bio	Sequence Bio	COHO:0002687	mint cohort		https://www.sequencebio.com/	"IHCC Cohort Atlas entry ""Sequence Bio"" (https://atlas.ihccglobal.org/), checked against its sources on 2026-09-25. The atlas entry names the company, Sequence Bio (Sequence Bioinformatics Inc., St. John's), not a cohort; its general population cohort, recruiting since 2019 (atlas), is the Newfoundland and Labrador Genome Project, which PMID:37117635 calls 'a general population cohort focused on the characterization of Newfoundland and Labrador's population (Sequence Bio Inc., 2021)'. Not in COHO (no NLGP, NL Genome or Newfoundland genome term; COHO:0000601 Newfoundland Colorectal Cancer Registry is unrelated). The company also runs later disease-specific family studies (inherited disease, familial ovarian cancer, MS, IPF) listed on its website; those are not this entry. 'Sequence Bio' is the company's name, so I did not add it as a synonym; add it only if the curator wants the atlas's tag kept. The recruitment start 2019 is from the atlas only; the definition's quote for recruitment: 'The NL Genome Project was based on the random recruitment of participants from General Practice clinics from across the province that were 18 years of age and over, possessed a valid NL health card, and provided written consent.'."
All of Us / NIH	All of Us / NIH	COHO:0000423	existing		https://allofus.nih.gov/	"IHCC Cohort Atlas entry ""All of Us / NIH"" (https://atlas.ihccglobal.org/), checked against its sources on 2026-09-25. The NIH All of Us Research Program, already COHO:0000423 (label All of Us Research Program, synonyms All of Us and NIH All of Us Research Program). The atlas's id 'All of Us / NIH' is the only name the term lacks; it is the catalogue's tag, given as an acronym per the catalogue-id convention (drop it if the curator treats it as a mere variant). The atlas's lead investigator and website confirm the identity."
UKCTOCS Longitudinal Women's Cohort (UKLWC)	UKCTOCS Longitudinal Women's Cohort (UKLWC)	COHO:0002688	mint cohort		https://directory.biobankinguk.org/Profile/Biobank/GBR-1-123	"IHCC Cohort Atlas entry ""UKCTOCS Longitudinal Women's Cohort (UKLWC)"" (https://atlas.ihccglobal.org/), checked against its sources on 2026-09-25. The UKLWC is the bioresource of the women of the UKCTOCS ovarian cancer screening trial: the UCL ICTU page says 'UKLWC is the bioresource created during the course of the United Kingdom Collaborative Trial of Ovarian Cancer Screening (UKCTOCS) as a result of participants (202,280 postmenopausal women from the general population in England, Wales and Northern Ireland) donating their samples and data for use in secondary studies.' The trial randomised 202,638 women; the UKLWC is the 202,280 who donated, so the trial and the UKLWC are the same people bar withdrawals, and neither is in COHO (no UKCTOCS, UKLWC or ovarian screening trial term). I propose one term, labelled with the entry's own name, carrying the trial's name and acronym as synonyms, since papers name it as UKCTOCS; a curator who prefers two terms would mint UKCTOCS and make the UKLWC isSubCohortOf it. The atlas's separate entry 'UCL, UK' (same lead investigator, enrolment 2001–2005, 202,638) is this same cohort."
South(east) Asian Cohorts	South(east) Asian Cohorts		unresolved		https://www.phpc.cam.ac.uk/ceu	"IHCC Cohort Atlas entry ""South(east) Asian Cohorts"" (https://atlas.ihccglobal.org/), checked against its sources on 2026-09-25. The atlas entry is a collective label ('South(east) Asian Cohorts', plural; region 'Southeastern Asia'; website the Cambridge Cardiovascular Epidemiology Unit (CEU); enrolment from 2010, 80,000 of a target 120,000), not the name of a cohort, and no source I found defines it. The CEU's South Asian studies are the Bangladesh Risk of Acute Vascular Events Study (BRAVE, established 2011; COHO:0001546), the Pakistan Risk Of Myocardial Infarction Study (PROMIS; COHO:0000169) and the BangladEsh Longitudinal Investigation of Emerging Vascular Events (BELIEVE, launched 2016, about 74,000 participants per the CEU Global Health page; not in COHO). The numbers fit BRAVE plus BELIEVE, which would make this an umbrella of CEU cohorts, but nothing says so, and the start year 2010 and 'Southeastern Asia' fit neither exactly. Not minted as an aggregation for want of a source naming it and its members; BELIEVE (https://www.phpc.cam.ac.uk/research/departmental-research-units/ceu/global-health, cohort profile PMC11784369) is a candidate new cohort in its own right. The automatic 'exact' match to COHO:0001477 (Early Treatment of Atrial Fibrillation for Stroke Prevention Trial) is spurious (it matched the '(east)' in the name to that trial's acronym EAST)."
International Laboratory for Human Genome Research	International Laboratory for Human Genome Research		not a cohort			"IHCC Cohort Atlas entry ""International Laboratory for Human Genome Research"" (https://atlas.ihccglobal.org/), checked against its sources on 2026-09-25. The entry names an institute, the International Laboratory for Human Genome Research (Laboratorio Internacional de Investigación sobre el Genoma Humano, LIIGH) of UNAM in Mexico, not a cohort, and the atlas gives no description; only a small collection (200 enrolled since 2022, target 2,000). The lead investigator's lab studies rare and undiagnosed genetic disease in Mexican patients and families and set up the Mexican Rare Diseases Network (ReMexER), 'A collaborative of clinicians and researchers tending to patients with rare diseases in Mexico' (https://liigh.unam.mx/cgonzagaj/index.php/projects/); the collection is probably the lab's rare-disease patient series through that network, but no source I found names it or describes its participants, so there is nothing to mint. If the curator can get the cohort's name from IHCC, re-check it. No COHO term matches (the resembling names are unrelated)."
NHSII (Nurses' Health Study II, NCI)	NHSII (Nurses' Health Study II, NCI)	COHO:0000619	existing		https://www.nurseshealthstudy.org	"IHCC Cohort Atlas entry ""NHSII (Nurses' Health Study II, NCI)"" (https://atlas.ihccglobal.org/), matched to the term by name on 2026-09-25; the atlas's name for it is added as a synonym."
KEMRI-Wellcome	KEMRI-Wellcome	COHO:0002689	mint cohort		https://www.kemri-wellcome.org/	"IHCC Cohort Atlas entry ""KEMRI-Wellcome"" (https://atlas.ihccglobal.org/), checked against its sources on 2026-09-25. The entry names the institution, the KEMRI-Wellcome Trust Research Programme in Kilifi, Kenya, not a cohort; the atlas gives no description, but its population of 300,000 under the programme's director fits the programme's population cohort, the Kilifi Health and Demographic Surveillance System ('The KHDSS has 260 000 residents' in 2012, PMID:22544844), which the profile says 'is nested in the KEMRI-Wellcome Trust Research Programme in Kilifi'. The atlas's start year 2003 does not match (census September 2000 to October 2001; pregnancy surveillance from March 2003), so the identification rests on the population size and host, not on an explicit statement; the curator may want IHCC to confirm. An HDSS population is modelled as a cohort in COHO (compare COHO:0000912, Agincourt HDSS). Not in COHO: no Kilifi, KHDSS or KEMRI term. 'KEMRI-Wellcome' is an institution's name and is not proposed as a synonym."
Johns Hopkins University	Johns Hopkins University		unresolved			"IHCC Cohort Atlas entry ""Johns Hopkins University"" (https://atlas.ihccglobal.org/), checked against its sources on 2026-09-25. The entry names an institution, Johns Hopkins University, with the country South Korea, enrolment from 2002 and 800,000 participants; the atlas gives no description. The Korean cohort that Johns Hopkins investigators, including this lead investigator, analyse is the Kangbuk Samsung Health Study (15 open-access KSHS papers co-authored by the lead investigator), and its start (health examinations from 2002) fits; I did not verify its size against the atlas's 800,000. This identification rests on those facts, not on a statement naming the atlas entry; the Korean Cancer Prevention Study-II Biobank (COHO:0000486), recruited in 2004–2013 per its COHO definition, fits the start year less well. KSHS is not in COHO (no Kangbuk or KSHS term). 'Johns Hopkins University' is an institution's name and is not proposed as a synonym. Not minted on 2026-09-25: the identification as the Kangbuk Samsung Health Study rests on the lead investigator, the country and the year; no source names the entry; the record above is kept."
Cancer Prevention Study II Nutrition Cohort	Cancer Prevention Study II Nutrition Cohort	COHO:0002690	mint cohort		https://www.cancer.org/research/population-science/cancer-prevention-and-survivorship-research-team/acs-cancer-prevention-studies/cancer-prevention-study-2.html	"IHCC Cohort Atlas entry ""Cancer Prevention Study II Nutrition Cohort"" (https://atlas.ihccglobal.org/), checked against its sources on 2026-09-25. The Nutrition Cohort is the part of Cancer Prevention Study II (COHO:0000024, enrolled 1982) that the American Cancer Society re-enrolled for incident cancer follow-up in 1992–1993; the design paper's abstract: 'The Cancer Prevention Study II Nutrition Cohort was established in 1992 and was designed to investigate the relation between diet and other lifestyle factors and exposures and the risk of cancer, mortality, and survival.' It is a separately recruited phase of CPS-II, so a new cohort isSubCohortOf COHO:0000024. COHO:0000024 already carries the catalogue synonym 'Cancer Prevention Study II (including the Nutrition cohort)'; that stays on the parent, but the curator may want to review which of the parent's example studies used Nutrition Cohort samples only (not done here). No acronym of its own was found; the atlas's name is the label."
UCL, UK	UCL, UK	COHO:0002688	same as			"IHCC Cohort Atlas entry ""UCL, UK"" (https://atlas.ihccglobal.org/), checked against its sources on 2026-09-25. A duplicate atlas entry for the UKCTOCS Longitudinal Women's Cohort, proposed as a new cohort in this batch: same lead investigator, enrolment 2001–2005 and 202,638 participants, which is the number of women randomised in UKCTOCS ('In this trial 202,638 postmenopausal women aged 50 and above were recruited through thirteen UK centres between 2001 and 2005.', PMID:40067807). It is the same people, not a separate cohort, so nothing new is minted; coho_id is empty because that term does not exist yet, and it becomes that term's id once minted. 'UCL, UK' names University College London, not the cohort, so it is not proposed as a synonym."
Taiwan Biobank	Taiwan Biobank	COHO:0000436	existing		https://www.twbiobank.org.tw/new_web/	"IHCC Cohort Atlas entry ""Taiwan Biobank"" (https://atlas.ihccglobal.org/), matched to the term by name on 2026-09-25; the atlas's name for it is added as a synonym."
AWI-Gen, University of the Witwatersrand, Johannesburg	AWI-Gen, University of the Witwatersrand, Johannesburg	COHO:0000006	existing		https://www.wits.ac.za/research/sbimb/research/	"IHCC Cohort Atlas entry ""AWI-Gen, University of the Witwatersrand, Johannesburg"" (https://atlas.ihccglobal.org/), checked against its sources on 2026-09-25. The Africa Wits-INDEPTH partnership for Genomics studies, already COHO:0000006 (acronym AWI-Gen; countries Burkina Faso, Ghana, Kenya, South Africa, as in the atlas; established 2012, as the atlas's enrolment period). The atlas's id, which names the cohort's acronym and its host, is given as a catalogue tag (drop it if the curator prefers not to keep institution-bearing tags). The term also lacks the name as its own example paper spells it: 'The Africa Wits-INDEPTH Partnership for Genomic Studies cohort (AWI-Gen) was developed to examine genetic and environmental contributions to cardiometabolic diseases in Africans.' (https://www.ebi.ac.uk/europepmc/webservices/rest/PMC8844072/fullTextXML)."
California Teachers Study (CTS)	California Teachers Study (CTS)	COHO:0001636	existing		https://www.calteachersstudy.org/	"IHCC Cohort Atlas entry ""California Teachers Study (CTS)"" (https://atlas.ihccglobal.org/), checked against its sources on 2026-09-25. The atlas entry is the California Teachers Study (website calteachersstudy.org, City of Hope), which COHO already has as COHO:0001636 ""California Teachers Study"" with acronym CTS. That term is still an uncurated placeholder (no definition, example or location), so the atlas cross-reference lands on a placeholder; the atlas adds only its parenthesised form of the name."
Environmental influences on Child Health Outcomes (ECHO) Cohort	Environmental influences on Child Health Outcomes (ECHO) Cohort	COHO:0002691	mint aggregation		http://www.echochildren.org/	"IHCC Cohort Atlas entry ""Environmental influences on Child Health Outcomes (ECHO) Cohort"" (https://atlas.ihccglobal.org/), checked against its sources on 2026-09-25. The ECHO Cohort (called the ECHO-Wide Cohort Study in its design paper, PMID:36963379) is not one recruited sample: the paper says it is ""a collaborative research design comprising 69 cohorts in 31 consortia"" that the NIH chose from existing studies and that now collect data under a common protocol, so it is a cohort aggregation. Member quotes are cells of Web Table 1 (""Summary of cohort sites participating in the Environmental influences on Child Health Outcomes-wide Cohort Study"") in the supplement zip; the four listed are the members COHO already has (Project Viva, New Hampshire Birth Cohort Study, ELGAN, Children's Health Study). Others in the table that COHO lacks include CANDLE, MADRES, VDAART, URECA, COAST, MARBLES, EARLI, IBIS, Healthy Start, PROTECT, Navajo Birth Cohort Study, CCCEH, PRISM and ACCESS; Kaiser Permanente Research Bank (COHO:0000541) and nuMoM2b (COHO:0000877) appear only as a prenatal subset and a Utah site, so they are not listed as members. The atlas's 1980 start year reflects the legacy cohorts' extant data. Puerto_Rico is a US territory named separately in the source."
Multiethnic Cohort Study	Multiethnic Cohort Study	COHO:0000121	existing		https://www.uhcancercenter.org/mec	"IHCC Cohort Atlas entry ""Multiethnic Cohort Study"" (https://atlas.ihccglobal.org/), checked against its sources on 2026-09-25. The atlas entry (website uhcancercenter.org/mec, enrolment 1993-1996, about 215,000 people) is the Hawaiʻi-Los Angeles Multiethnic Cohort, COHO:0000121 ""Multiethnic Cohort Study of Diet and Health"" (acronym MEC), not the exact-name match COHO:0000612 Singapore Multi-Ethnic Cohort. COHO:0000612 carries the synonym ""Multi-Ethnic Cohort Study"", which is really this cohort's name (it differs from the atlas name only in the hyphen and capitals); the curator may want to check whether that synonym belongs on COHO:0000612 or needs an editor note on both terms like the one they already share for MEC."
Healthy Nevada	Healthy Nevada	COHO:0001869	existing		https://Healthynv.org	"IHCC Cohort Atlas entry ""Healthy Nevada"" (https://atlas.ihccglobal.org/), checked against its sources on 2026-09-25. The atlas entry (website healthynv.org, Renown Health and the Desert Research Institute, population genomics study from 2018) is the Healthy Nevada Project, already in COHO as COHO:0001869 ""Healthy Nevada Project"" (acronym HNP). That term is still an uncurated placeholder. COHO:0000828 (Helix Exome+ and Healthy Nevada Project COVID-19 Phenotypes) is a sub-study of it, not the same people."
Nurses' Health Study	Nurses' Health Study	COHO:0000456	existing		https://www.nurseshealthstudy.org	"IHCC Cohort Atlas entry ""Nurses' Health Study"" (https://atlas.ihccglobal.org/), matched to the term by name on 2026-09-25; the atlas's name for it is added as a synonym."
Kaiser Permanente Research Bank (KPRB)	Kaiser Permanente Research Bank (KPRB)	COHO:0000541	existing		https://researchbank.kaiserpermanente.org/	"IHCC Cohort Atlas entry ""Kaiser Permanente Research Bank (KPRB)"" (https://atlas.ihccglobal.org/), matched to the term by name on 2026-09-25; the atlas's name for it is added as a synonym."
JPHC (Japan Public Health Center-based Prospective) Study and JPHC-NEXT Study	JPHC (Japan Public Health Center-based Prospective) Study and JPHC-NEXT Study	COHO:0002692	mint cohort		http://epi.ncc.go.jp/en/jphc/	"IHCC Cohort Atlas entry ""JPHC (Japan Public Health Center-based Prospective) Study and JPHC-NEXT Study"" (https://atlas.ihccglobal.org/), checked against its sources on 2026-09-25. The atlas entry names two cohorts run by the same group at the National Cancer Center Japan: the original JPHC Study (1990 and 1993 cohorts), which COHO already has as COHO:0000783, and JPHC-NEXT, a separately recruited population-based cohort ""launched in 2011"" with a baseline survey ""From 2011 through 2016"" (PMID:30713262), which COHO lacks. The atlas's figures (enrolment to 2016, 115,000 people; the design paper reports 115,385) and its lead investigator (first author of the JPHC-NEXT design paper) describe JPHC-NEXT, so the entry is treated as JPHC-NEXT and a new term is proposed for it. It is not a sub-cohort of JPHC (new recruitment in partly different areas), so no parent is given. Two things for the curator: the atlas cross-reference should also go on COHO:0000783, and the parenthesised fragment ""Japan Public Health Center-based Prospective"" that the review script extracts from the atlas name is JPHC's name and should not become a synonym of the new JPHC-NEXT term (the whole atlas name, a catalogue tag, may stay)."
JPHC (Japan Public Health Center-based Prospective) Study and JPHC-NEXT Study	JPHC (Japan Public Health Center-based Prospective) Study and JPHC-NEXT Study	COHO:0000783	existing		http://epi.ncc.go.jp/en/jphc/	"IHCC Cohort Atlas entry ""JPHC (Japan Public Health Center-based Prospective) Study and JPHC-NEXT Study"" (https://atlas.ihccglobal.org/) names two cohorts, so it has two rows: this one is the original JPHC Study, which COHO already had as COHO:0000783; the other is JPHC-NEXT (COHO:0002692), minted from the entry on 2026-09-25. Both are members of the consortium."
Qatar Biobank Cohort	Qatar Biobank Cohort	COHO:0000469	existing		https://www.qatarbiobank.org.qa	"IHCC Cohort Atlas entry ""Qatar Biobank Cohort"" (https://atlas.ihccglobal.org/), checked against its sources on 2026-09-25. The atlas entry (website qatarbiobank.org.qa, enrolment from 2013) is the Qatar Biobank, COHO:0000469 (acronym QBB). The Qatar Genome Program (COHO:0000394) is already recorded as a sub-cohort of it; nothing else to add beyond the atlas's form of the name."
China PEACE (Patient-centered Evaluative Assessment of Cardiac Events) Million Persons Project	China PEACE (Patient-centered Evaluative Assessment of Cardiac Events) Million Persons Project	COHO:0002693	mint cohort			"IHCC Cohort Atlas entry ""China PEACE (Patient-centered Evaluative Assessment of Cardiac Events) Million Persons Project"" (https://atlas.ihccglobal.org/), checked against its sources on 2026-09-25. A defined, consented population sample (the protocol calls it ""a voluntary national research cohort""), screened from 2014 with follow-up of high-risk participants, so a cohort. COHO has no term for it; COHO:0000319 (PEACE, a UK autopsy study) and COHO:0001355 (H-PEACE, Korea) are unrelated. The pilot protocol gives ages 40-75 in four provinces (Jilin, Liaoning, Zhejiang, Guangxi); the national project described in PMID:33038086 enrolled ages 35-75 in all 31 provinces, which the definition follows. The acronym MPP (""Million Persons Project (MPP)"" in the protocol) is also an acronym of the Malmö Preventive Project (COHO:0000787), so both terms need the shared-acronym editor note. The project is later reported under the name ChinaHEART, which I did not verify in a source I read, so it is not given as a synonym. The atlas's website field gives a paper (https://pubmed.ncbi.nlm.nih.gov/26729395/), not a site, so it is not recorded."
Million Veteran Program	Million Veteran Program	COHO:0000371	existing		https://www.mvp.va.gov/webapp/mvp-web-participant/#/public	"IHCC Cohort Atlas entry ""Million Veteran Program"" (https://atlas.ihccglobal.org/), matched to the term by name on 2026-09-25; the atlas's name for it is added as a synonym."
Norwegian Mother and Child Cohort Study (MoBa)	Norwegian Mother and Child Cohort Study (MoBa)	COHO:0000131	existing		https://www.fhi.no/en/studies/moba/	"IHCC Cohort Atlas entry ""Norwegian Mother and Child Cohort Study (MoBa)"" (https://atlas.ihccglobal.org/), matched to the term by name on 2026-09-25; the atlas's name for it is added as a synonym."
Geisinger Cohort - MyCode Community Health Initiative	Geisinger Cohort - MyCode Community Health Initiative	COHO:0000448	existing		https://www.geisinger.org/mycode	"IHCC Cohort Atlas entry ""Geisinger Cohort - MyCode Community Health Initiative"" (https://atlas.ihccglobal.org/), checked against its sources on 2026-09-25. The atlas entry (website geisinger.org/mycode, enrolment from 2007) is Geisinger's MyCode Community Health Initiative, COHO:0000448 (acronym MyCode; synonyms Geisinger MyCode and others). The DiscovEHR study (COHO:0000776) is already recorded as its sub-cohort. Only the atlas's form of the name is new."
Pakistan Genomic Resource (PGR)	Pakistan Genomic Resource (PGR)	COHO:0000843	existing		https://www.cncdpk.com/	"IHCC Cohort Atlas entry ""Pakistan Genomic Resource (PGR)"" (https://atlas.ihccglobal.org/), matched to the term by name on 2026-09-25; the atlas's name for it is added as a synonym."
Canadian Partnership for Tomorrow's Health	Canadian Partnership for Tomorrow's Health	COHO:0000860	existing		https://canpath.ca/	"IHCC Cohort Atlas entry ""Canadian Partnership for Tomorrow's Health"" (https://atlas.ihccglobal.org/), matched to the term by name on 2026-09-25; the atlas's name for it is added as a synonym."
Korean Genome and Epidemiology Study (KoGES)	Korean Genome and Epidemiology Study (KoGES)	COHO:0000411	existing		http://www.cdc.go.kr/contents.es?mid=a50401010100	"IHCC Cohort Atlas entry ""Korean Genome and Epidemiology Study (KoGES)"" (https://atlas.ihccglobal.org/), matched to the term by name on 2026-09-25; the atlas's name for it is added as a synonym."
Africa Health Research Institute (AHRI) Population Cohort	Africa Health Research Institute (AHRI) Population Cohort	COHO:0002694	mint cohort		https://www.ahri.org	"IHCC Cohort Atlas entry ""Africa Health Research Institute (AHRI) Population Cohort"" (https://atlas.ihccglobal.org/), checked against its sources on 2026-09-25. The atlas entry is AHRI's population surveillance cohort in uMkhanyakude district, KwaZulu-Natal: begun in 2000 as the Africa Centre Demographic Information System (ACDIS) and, per the 2021 cohort profile update, ""In 2017, the cohort was expanded and renamed the Population Intervention Platform (PIP)."" The atlas's enrolment start (2000) matches. COHO has no term for it under any of these names. I used ACDIS as the label because both cohort profiles and most papers use it; the curator may prefer the current name, Population Intervention Platform. The same paper calls PIP both ""Platform"" and ""Programme"", so both are synonyms. AHRI is the institute's acronym, kept because the atlas tags the cohort with it. Nested studies such as Vukuzazi (PMID:34849923) are separate cohort profiles and not handled here. The original 2008 cohort profile (PMID:17998242) was not read; the definition rests on the 2021 update alone."
National Biobank of Korea	National Biobank of Korea	COHO:0000926	existing			"IHCC Cohort Atlas entry ""National Biobank of Korea"" (https://atlas.ihccglobal.org/), matched to the term by name on 2026-09-25; the atlas's name for it is added as a synonym."
LifeGene	LifeGene	COHO:0002695	mint cohort		https://lifegene.se/For-scientists/About-LifeGene/	"IHCC Cohort Atlas entry ""LifeGene"" (https://atlas.ihccglobal.org/), checked against its sources on 2026-09-25. LifeGene is a Swedish population-based cohort and biobank led from Karolinska Institutet (the atlas's website lifegene.se; enrolment 2009-2016). COHO has no term for it under any name. The design paper planned 500,000 participants across Sweden; the cohort as recruited (2009-2016) is mainly from Stockholm, which the definition follows. Its name has no acronym."
Shanghai Men and Women's Health Studies	Shanghai Men and Women's Health Studies	COHO:0001408	existing		https://swhs-smhs.app.vumc.org/	"IHCC Cohort Atlas entry ""Shanghai Men and Women's Health Studies"" (https://atlas.ihccglobal.org/), checked against its sources on 2026-09-25. The atlas entry (website swhs-smhs.app.vumc.org, lead Wei Zheng, 136,000 enrolled from 1997) is the two Vanderbilt/Shanghai cohorts together, i.e. the existing aggregation COHO:0001408 'Shanghai Women's and Men's Health Studies' (members Shanghai Women's Health Study COHO:0000553 and Shanghai Men's Health Study COHO:0000578). Add the atlas name and the variant 'Shanghai Men and Women's Health Study' as synonyms, and the acronym SWMHS, which the IHCC BMI PRS paper (PMID:37337639, table 3 column header 'SWMHS (N = 3986)') uses for the pooled studies; no other COHO term carries SWMHS."
MAUCO	MAUCO	COHO:0002655	existing		https://www.mauco.org/	"IHCC Cohort Atlas entry ""MAUCO"" (https://atlas.ihccglobal.org/), matched to the term by name on 2026-09-25; the atlas's name for it is added as a synonym."
BGI Research	BGI Research		not a cohort		https://en.genomics.cn/	"IHCC Cohort Atlas entry ""BGI Research"" (https://atlas.ihccglobal.org/), checked against its sources on 2026-09-25. The atlas entry is BGI Research, the research arm of the genomics company BGI (website en.genomics.cn, lead Xun Xu), with enrolment 2015 onwards, 10,000 enrolled and 500,000 targeted, and no description naming a cohort. As listed it is an institution with an unnamed sample, so not a cohort. The most likely underlying cohort is the BGI-run 4D-SZ multi-omics cohort of Shenzhen volunteers, already in COHO as COHO:0001140 ('some volunteers providing samples from as early as 2015', PMID:34873157), but no source I found ties the atlas entry to 4D-SZ, and BGI also runs other population projects (e.g. its million Chinese genomes work), so I have not asserted a match. If the IHCC 2020 supplement names the cohort, map it then. Could not read: PMID:33103095 supplementary cohort table (requested), in case it names the BGI cohort."
Prostate, Lung, Colorectal and Ovarian Cancer Screening Trial	Prostate, Lung, Colorectal and Ovarian Cancer Screening Trial	COHO:0000485	existing		https://biometry.nci.nih.gov/cdas/studies/plco/	"IHCC Cohort Atlas entry ""Prostate, Lung, Colorectal and Ovarian Cancer Screening Trial"" (https://atlas.ihccglobal.org/), matched to the term by name on 2026-09-25; the atlas's name for it is added as a synonym."
China Kadoorie Biobank	China Kadoorie Biobank	COHO:0000422	existing		http://www.ckbiobank.org/site/	"IHCC Cohort Atlas entry ""China Kadoorie Biobank"" (https://atlas.ihccglobal.org/), matched to the term by name on 2026-09-25; the atlas's name for it is added as a synonym."
CONSTANCES	CONSTANCES	COHO:0002624	existing		http://www.constances.fr/index_EN.php	"IHCC Cohort Atlas entry ""CONSTANCES"" (https://atlas.ihccglobal.org/), matched to the term by name on 2026-09-25; the atlas's name for it is added as a synonym."
Qatar Genome Project	Qatar Genome Project	COHO:0000394	existing			"IHCC Cohort Atlas entry ""Qatar Genome Project"" (https://atlas.ihccglobal.org/), matched to the term by name on 2026-09-25; the atlas's name for it is added as a synonym."
SIMPLER	SIMPLER	COHO:0000390	existing		https://www.simpler4health.se/	"IHCC Cohort Atlas entry ""SIMPLER"" (https://atlas.ihccglobal.org/), matched to the term by name on 2026-09-25; the atlas's name for it is added as a synonym."
SG100K	SG100K	COHO:0002696	mint aggregation		https://www.npm.sg/collaborate/partners/sg100k/	"IHCC Cohort Atlas entry ""SG100K"" (https://atlas.ihccglobal.org/), checked against its sources on 2026-09-25. The atlas's SG100K (lead John Chambers, the HELIOS PI; 60,000 enrolled of 100,000 targeted; website npm.sg SG100K page, now a 404) is the SG100K cohort of Singapore's National Precision Medicine programme phase II. PRECISE describes it as 'Funded by an NMRC OF-LCG grant that brought together four longitudinal cohorts in Singapore, the SG100K cohort is an Investigator-Initiated Study focused on determinants and prediction of cardiovascular disease and diabetes in Asian populations.' Because it is made of four distinct, separately run cohorts, I have typed it a cohort aggregation. Members in COHO: HELIOS (COHO:0000426) and SEED (COHO:0000763); the other two, 'Singapore Population Health Studies (SPHS), NUS' and 'SingHeart, NHCS' (same page), have no COHO term. (SPHS includes the Singapore Multi-Ethnic Cohort, COHO:0000612, but the page does not say so, so I have not linked it.) SG100K is distinct from the phase I SG10K_Health / SG10K Pilot (COHO:0000332). No paper analysing the full SG100K dataset turned up in Europe PMC (its first release was due in 2026); the example is the HELIOS design paper, whose supplement analyses HELIOS data labelled SG100K. If the curator would rather treat SG100K as one cohort with the four as sub-cohorts, the same members apply with isSubCohortOf. Could not read: PMID:42527559, PMID:36658435."
23andMe	23andMe	COHO:0000449	existing		https://research.23andme.com/	"IHCC Cohort Atlas entry ""23andMe"" (https://atlas.ihccglobal.org/), matched to the term by name on 2026-09-25; the atlas's name for it is added as a synonym."
National Autonomous University of Mexico	National Autonomous University of Mexico	COHO:0000520	existing		https://www.ctsu.ox.ac.uk/research/prospective-blood-based-study-of-150-000-individuals-in-mexico	"IHCC Cohort Atlas entry ""National Autonomous University of Mexico"" (https://atlas.ihccglobal.org/), checked against its sources on 2026-09-25. The atlas lists the institution, the National Autonomous University of Mexico (UNAM), but every other field is the Mexico City Prospective Study: the website is the Oxford CTSU page 'prospective blood-based study of 150,000 individuals in Mexico', the lead is an Oxford MCPS investigator, enrolment 1998-2004 and 150,000 participants. PMID:37308787 says 'The MCPS is a large prospective cohort of 150,000 individuals recruited between 1998 and 2004' and 'The MCPS represents a long-standing collaboration between researchers at the UNAM and the University of Oxford.' So it is COHO:0000520 (Mexico City Prospective Study, MCPS). The atlas name is an institution, not a name of the cohort, so I propose no synonym; a cross-reference to the atlas entry is enough."
Generations Study	Generations Study	COHO:0000942	existing		http://www.breakthroughgenerations.org.uk/home	"IHCC Cohort Atlas entry ""Generations Study"" (https://atlas.ihccglobal.org/), matched to the term by name on 2026-09-25; the atlas's name for it is added as a synonym."
SAPRIN (South African Population Research Infrastructure Network)	SAPRIN (South African Population Research Infrastructure Network)	COHO:0002697	mint aggregation		http://saprin.mrc.ac.za/	"IHCC Cohort Atlas entry ""SAPRIN (South African Population Research Infrastructure Network)"" (https://atlas.ihccglobal.org/), checked against its sources on 2026-09-25. SAPRIN is a network of separately run health and demographic surveillance systems, which the cohort profile calls 'a harmonized network of population-based cohorts', so it is a cohort aggregation. The atlas enrolment start of 1992 is the Agincourt HDSS start. Member in COHO: Agincourt HDSS (COHO:0000912). The other founding nodes, the AHRI HDSS (formerly the Africa Centre Demographic Information System, KwaZulu-Natal) and the DIMAMO HDSS (formerly Dikgale HDSS, Limpopo), and the newer urban nodes (GRT-INSPIRED, C-SHARP, USINGA, and BAMMISHO) have no COHO terms; the founding nodes could be minted as members, both named in the cohort profile ('The three HDSS founding nodes are hosted by the Medical Research Council/Wits Rural Public Health and Health Transitions Research Unit (Agincourt) in Mpumalanga province, the University of Limpopo (DIMAMO) in Limpopo province and the Africa Health Research Institute (AHRI) in KwaZulu-Natal.'). The cohort profile was read from Europe PMC directly because it was not in the cache; I have requested it."
Bandim Health Project	Bandim Health Project	COHO:0000488	existing		https://www.bandim.org/	"IHCC Cohort Atlas entry ""Bandim Health Project"" (https://atlas.ihccglobal.org/), matched to the term by name on 2026-09-25; the atlas's name for it is added as a synonym."
Finnish Maternity Cohort Serum Bank	Finnish Maternity Cohort Serum Bank	COHO:0002610	existing		http://esis.fi/description/	"IHCC Cohort Atlas entry ""Finnish Maternity Cohort Serum Bank"" (https://atlas.ihccglobal.org/), checked against its sources on 2026-09-25. The atlas entry (Finland, enrolment 1983-2016, 950,000 enrolled, website of European Science Infrastructure Services, which administers access to the FMC) is the Finnish Maternity Cohort's first-trimester serum collection, which is exactly what COHO:0002610 'Finnish Maternity Cohort' (FMC, MAT) describes. PMID:29071810 gives the same founding year (1983) and about a million women. Add the atlas name 'Finnish Maternity Cohort Serum Bank' as a synonym; nothing else is missing."
LIFEPATH (Lifecourse biological pathways underlying social differences in healthy aging)	LIFEPATH (Lifecourse biological pathways underlying social differences in healthy aging)	COHO:0002698	mint aggregation		http://www.lifepathproject.eu/	"IHCC Cohort Atlas entry ""LIFEPATH (Lifecourse biological pathways underlying social differences in healthy aging)"" (https://atlas.ihccglobal.org/), checked against its sources on 2026-09-25. LIFEPATH was a Horizon 2020 research project run as a consortium of existing cohorts ('the consortium is composed of' eleven adult cohorts, plus seven child cohorts), so it is a cohort aggregation rather than a cohort; the atlas's 'Europe, Australia, USA' matches. Its membership differs between analyses (the 2017 mortality meta-analysis pooled 48 cohorts), so the members listed are only the core adult cohorts named in PMID:28557991 that have COHO terms: CoLaus (COHO:0000522), SKIPOGH (COHO:0001405), Constances (COHO:0002624) and MCCS (COHO:0000523). EPIPorto, E3N, Gazel, EPIC-Italy, WHIP-retired, TILDA and Whitehall II have no COHO terms (COHO:0002571 'Whitehall Study' is an uncurated placeholder, not clearly Whitehall II). Europe is not a country; the countries are those the special report names, plus Ireland (TILDA). The atlas's lead investigator is not the project PI named in the papers; that does not affect the identity. A curator may instead judge a funded research project not to be a cohort aggregation, since it created no cohort of its own; I chose aggregation because the papers treat it as a consortium of named cohorts."
VHM&PP	VHM&PP	COHO:0002699	mint cohort		https://www.i-med.ac.at/msig/vhmpp.html	"IHCC Cohort Atlas entry ""VHM&PP"" (https://atlas.ihccglobal.org/), checked against its sources on 2026-09-25. VHM&PP is the Vorarlberg Health Monitoring and Prevention (also written Promotion) Programme, a population-based cohort in Austria led from the Medical University of Innsbruck (the atlas lead is its long-standing investigator). The atlas gives the country as Germany, which is wrong: every source places it in Vorarlberg, Austria. The expansion of the acronym differs between papers ('Prevention Programme' in the Me-Can cohort profile, 'Promotion Program' in the Br J Cancer paper); I took the Me-Can form as label and kept the other as a synonym. It is one of the cohorts of the Metabolic syndrome and Cancer project (Me-Can: 'in Austria, the Vorarlberg Health Monitoring and Prevention Programme (VHM&PP)', PMID:19380371), which has no COHO term, so no parent is given. It also contributed to ESCAPE/ELAPSE air-pollution pools, which are not in COHO either."
UK Biobank	UK Biobank	COHO:0000176	existing		http://www.ukbiobank.ac.uk/	"IHCC Cohort Atlas entry ""UK Biobank"" (https://atlas.ihccglobal.org/), matched to the term by name on 2026-09-25; the atlas's name for it is added as a synonym."
45 and Up Study	45 and Up Study	COHO:0002700	mint cohort		https://www.saxinstitute.org.au/our-work/45-up-study/	"IHCC Cohort Atlas entry ""45 and Up Study"" (https://atlas.ihccglobal.org/), checked against its sources on 2026-09-25. The 45 and Up Study is a single, well-described prospective cohort run by the Sax Institute in New South Wales (atlas lead is the Sax Institute's lead on the update paper; 267,000 enrolled 2005-2009 matches '267 357 participants'). Nothing in COHO matches it (no label, synonym or acronym containing '45 and Up', 'Sax' or a New South Wales ageing cohort). The study has no acronym of its own; the atlas name is the label. The definition is written from the 2022 update alone; the original 2008 profile (PMID:17881411) was requested but not read. Could not read: PMID:17881411 (original cohort profile; not needed for any quote)."
IHCC	International Health Cohorts Consortium	COHO:0002701	mint aggregation		https://ihccglobal.org/	"The consortium that lists the cohorts of the IHCC Cohort Atlas (https://atlas.ihccglobal.org/), minted 2026-09-25 so that each listed cohort can be recorded as its member; its names are those its papers use (PMID:40841586, PMID:37337639), the earlier ""International HundredK+ Cohorts Consortium"" among them. The acronym IHCC is shared with the International Hereditary Cancer Centre (COHO:0001909)."
