acronym	name	consortium	sub_cohort_of
1958 Birth Cohort	1958 Birth Cohort
AGR Project	African Genome Resource Project
ALTTO clinical trial	The Adjuvant Lapatinib And/Or Trastuzumab Treatment Optimisation study
APCDR	African Patnership for Chronic Disease Research	African Patnership for Chronic Disease Research	
African 1000G	African 1000G		
AGVP	African Genome Variation Project		
BALLETT	Belgian Approach of Local Laboratory Extensive Tumor Testing		
CARE	Canadian Airways Research Group		
CENet Cohort	CENet Cohort		
CORSA trial	SARS-CoV-2 Vaccine Response in Cancer		
COVID19 HGI	COVID19 Host Genetic Initiative		
Cambridge Biorepository for Translational Medicine (CBTM)	CBTM		
Cardiogenics re-sequencing study	Cardiogenics re-sequencing study		German MI cohort and the UK BHF CAD/MI cohort
CeDNN	Celiac Disease The Netherlands		
CAD	Coronary Artery Disease cohort
DKTK MASTER	Molecularly Aided Stratification for Tumor Eradication Program
Donor InSight III study	Donor InSight III study
EMC-DC-IL10R study	EMC-DC-IL10R study
EPIGEN-Brazil Initiative	EPIGEN-Brazil Initiative
EMaB	Entebbe Mother and Baby (EMaB) study
Estonian Microbiome Cohort	Estonian Microbiome Cohort
EuroEPINOMICS	EuroEPINOMICS
GENCODE Consortium	GENCODE Consortium
LGDB	Genome Database of Latvian Population
GDAP	Genome Diversity in Africa Project
MalariaGEN	Genomic Epidemiology of Malaria Project
German Cancer Consortium	German Cancer Consortium
German MI cohort	German Myocardial Infarction cohort
HAPIEE	Health, Alcohol and Psychosocial factors In Eastern Europe study
HELIUS cohort study	Healthy Life in an Urban Setting Cohort
HGDP-CEPH	Human Genetic Diversity Cell Line Panel
HT	Hypertension cohort (HT)
ICGA	International Cancer Genomes Atlas
ICGC CAGEKID	IGC Cancer Genomics of the Kidney	ICGC
ICGC India Project	ICGC India Project	ICGC
ICGC MMML-Seq Consortium	ICGC Malignant Lymphoma Master Study (MMML) Consortium	ICGC
ICGC CLL	ICGC The Chronic Lymphocytic Leukemia (CLL) Genome Project	IGCG
ICGC GCS	ICGC Gynecological Carcinosarcoma	ICGC
ICGC India	ICGC India	ICGC
ICGC Oesophageal Adenocarcinoma project	ICGC Oesophageal Adenocarcinoma project	ICGC, OCCAMS consortium
ICGC PedBrain	ICGC PedBrain Tumour Project	ICGC
ICGC Prostate Group	ICGC Prostate Group	ICGC
ICGC LICA-CN	ICGC Liver Cancer in China	ICGC
ICGC GACA-CN project.	ICGC Gastric Cancer from China Project	ICGC
ICGC Pancreatic Cancer Project	ICGC Pancreatic Cancer Project	ICGC
ICR MOPOPGEN UK exome control series	ICR MOPOPGEN UK exome control series
IMPACT 2	Initiative for Molecular Profiling and Advanced Cancer Therapy 2 (IMPACT 2) Study
InterPregGen	InterPregGen	WTCCC3
Liverpool Preterm Birth Biomarker Study	Liverpool Preterm Birth Biomarker Study
MESOMICS Project	multi-omic characterization of Malignant Pleural Mesothelioma (MPM)
MRCE family panel	MRCE family panel
Maastricht IBS studies	Maastricht IBS studies
MyBrCa	Malaysian hospital-based cohort (MyBrCa)
MeDALL	Mechanisms of the Development of ALLergy
Methylation of Ewing sarcoma tumors Study	Methylation of Ewing sarcoma tumors Study
MolPAGE	Molecular Phenotyping to Accelerate Genomic Epidemiology
MuTHER	Multiple Tissue Human Expression Resource Cohort
NEW (65 Asian Prostate Cancer Patients)	NEW (65 Asian Prostate Cancer Patients)
NIHR BioResource Common Disease Patients 2016	NIHR BioResource Common Disease Patients 2016
Nala GSI GSAv3 PGx Study	Nala GSI GSAv3 PGx Study
NeoALTTO	NeoALTTO
ORGANOIDS	ORGANOIDS
PCAWG	Pancancer Analysis of Whole Genomes
Pca Cohort	Prostate Cancer Cohort	ICGC
InterPregGen	Preeclampsia InterPregGen Consortium
Princess Margaret Cancer Centre human acute myeloid leukemia patient cohort	Princess Margaret Cancer Centre human acute myeloid leukemia patient cohort
RODAM	RODAM study
SCOT trial	how long to give chemotherapy after surgery for bowel cancer (SCOT) trial
SG10K_Pilot	SG10K Pilot	PRECISE-SG100K
STREP GENE	Genetics and Severe Streptococcal Infections
STILTS	Study Into Lean and Thin Subjects
SweGen	SweGen		Swedish Twin Registry
T2D-GENES	Type 2 Diabetes Genetic Exploration by Next-generation sequencing in multi-Ethnic Samples
Hipo_K08K	THE PHASE II GMMG-BIRMA TRIAL
The Low coverage Kuusamo whole genome sequencing study	The Low coverage Kuusamo whole genome sequencing study
MGRB	The Medical Genome Reference BioBank
NMDs	The Rare Neuromuscular Disorders cohort
The Singapore Living Biobank	The Singapore Living Biobank		Multi-Ethnic Cohort (MEC),  Singapore Health 2012 (SH2012)
TrypanoGEN project	TrypanoGEN project
T2D Cohort	Type 2 Diabetes Cohort (T2D)
UBKEC consortium	UK Brain Expression Consortium
UK BHF CAD/MI cohort	UK BHF CAD/MI cohort		UK BioBank
UK Blood Service Control Group	UK Blood Service Control Group
UK10K	UK10K
asthma familial cohort	asthma familial cohort
lungNENomics	lungNENomics	WTCCC2
WTCCC case-control study for BD	WTCCC case-control study for Bipolar Disorder
WTCCC case-control study for Coronary Artery Disease	WTCCC case-control study for Coronary Artery Disease
WTCCC case-control study for IBD	WTCCC case-control study for Inflammatory Bowel Disease
WTCCC for RA	WTCCC case-control study for Rheumatoid Arthritis
WTCCC case-control study for Hypertension	WTCCC case-control study for Hypertension
WTCCC case-control study for Type 1 Diabetes	WTCCC case-control study for Type 1 Diabetes
WTCCC case-control study for Rheumatoid Arthritis	WTCCC case-control study for Rheumatoid Arthritis
WTCCC case-control study for Type 2 Diabetes	WTCCC case-control study for Type 2 Diabetes
WTCCC case-control study for Ankylosing Spondylitis	WTCCC case-control study for Ankylosing Spondylitis
WTCCC case-control study for Autoimmune Thyroid Disease	WTCCC case-control study for Autoimmune Thyroid Disease
WTCCC case-control study for Multiple Sclerosis	WTCCC case-control study for Multiple Sclerosis
WTCCC case-control study for Breast cancer	WTCCC case-control study for Breast cancer
WTCCC case-control study for Tuberculosis	WTCCC case-control study for Tuberculosis
BAMSE (Swedish abbreviation for Children, Allergy, Milieu, Stockholm, Epidemiology)	BAMSE (Swedish abbreviation for Children, Allergy, Milieu, Stockholm, Epidemiology)		
UPTIDER	breast cancer post-mortem tissue donation program		
ELGH	East Lonodon Genes and Health		
MI	Milieu Intérieur cohort		
MyBrCa	Malaysian Breast Cancer research cohort and genomics project		
The PROMPT project	The PROMPT project		
UK Heamtological Malignancy Research Network	UK Heamtological Malignancy Research Network		
COH TNBC Cohort	City of Hope National Medical Center Triple negative breast cancer cohort		
TARGET	Therapeutically Applicable Research to Generate Effective Treatments		
Australian childhood AML cohort	Australian childhood AML cohort		
ACCE	African Collaborative Centre for Microbiome and Geomics Research		
GENIE	Genomics Evidence Neoplasia Information Exchange, Foundation Medicine (FM)		
Hipo_K09R	Hipo_K09R		
lungNENomics project	lungNENomics project		
Recodid	Recodid		
SCHEMA	Schizophreia Exome Sequencing Meta-analysis consortium		
TARGET cohort	TARGET cohort		
POPs2	The Pregnancy Outcome Prediction Study		
TRACERx	TRAcking Cancer Evolution through therapy		
TransplantLines	TransplantLines		
UW Cohort	UW Cohort		
Vietnam Rotavirus Vaccine Perturbation Study	Vietnam Rotavirus Vaccine Perturbation Study		
WCDT	West Coast Dream Team Cohort		
European BestAgeing miRNA Study	European BestAgeing Study		
DIAMONDS	Diagnosis and Management of Febrile Illness using RNA Personalised Molecular Signature Diagnosis cohort
200-HIV Cohort Study			
300BCG Cohort			
AC-ANGIOPREDICT Phase II trial			
African Collaborative Centre for Microbiome and Geomics Research		ACCE	
AHA Uganda Study			
ALL06 Cohort			
AlpeDPD Study Cohort			
ALSPAC			
ALTTO Clnical Trail			
Atlas of Blood Cancer Genomes Project			
Australian childhood AML cohort	Australian Cohort		
BCp-ALL patients			
BEAT AML Cohort			
Bellini Trail			
Blood First Assay Screening Trail			
Canadian Prostate Cancer Genome Network Project			
CHILD cohort Study			
City of Hope National Medical Center Triple negative breast cancer cohort	COH TNBC Cohort		
CLUSTER Consortium		CLUSTER Consortium	
CLUSTER consortium - Childhood arthritis and its associated uveitis: stratification through endotypes and mechanism to deliver benefit)			
CLUSTER RNAseq Study		CLUSTER Consortium	
COH cohort			
CRCbiome Study (substudy of Bowel Cancer Screening in Norway)			
DermAtlas			
Diagnosis and Management of Febrile Illness using RNA Personalised Molecular Signature Diagnosis cohort		DIAMONDS	
DIAMONDS - Diagnosis and Management of Febrile Illness using RNA Personalised Molecular Signature Diagnosis cohort			
East London Genes and Health	ELGH		
Emirati Genome Program			
EORTC-SPECTA RP1759 Study			
ESTAMPA Cohort			
EstMB Cohort	Estonian Microbiome Cohort		
Estonian Biobank	Estonian Biobank		
European BestAgeing Study	European BestAgeing Study		
EuroTARGET mRCC patient cohort			
Flemish gut Flora Project			
GAinS	Genomics Advances in Sepsis (GAinS) Study		
GENIE	Genomics Evidence Neoplasia Information Exchange (GENIE), Foundation Medicine (FM)		
Health Cohort (British Bangaldeshi and Pakistani individauls)	Health Cohort		
High-Grade B-Cell Lymphoma: Atlas of Blood Cancer Genomes			
HIP-HNC (head and neck cancer), TCGA-HNSC (head and neck cancer)			
Hipo_K09R		TCGA	
IMI-RHAPSODY Data			
IMMUcan		IMMUcan	
IMMUcan SCCHN1 cohort.	IMMUcan SCCHN1 cohort.		
ImmunAID study	ImmunAID study		
INSIGHT-HF BMF/MDS cohort			
IGPP	international Genetics of PArkinsons Dsiease Progression Consortium (IGPP)		
Lifelines-DEEP			LifeLines
Lifelines-NEXT			LifeLines
LUCAS	Lung Cancer Diagonstic Study (LUCAS)		
lungNENomics project			
METABRIC Cohort			
Milan Cohort			
Milieu Intérieur cohort		MI	
MITO16A/MaNGO-OV2			
MulitMuTHER Study	MulitMuTHER Study		
NCI China Cohort			
NCI Taiwan Cohort			
not named in study description or paper			
Pan-Cancer Analysis of Whiole Genomes Study (PCAWG)			
PAOLA-1 Study			
PARADIGM prospective cohort study			
PEACE research autopsy study			
PELICAN45 Cohort	PELICAN45 Cohort		
PETAL trail	PETAL trail		
phase 2 PANDA Trail			
Pheonix Clinical Trail			
PIAMA Birth Cohort			
Polish Glioma Cohort			
PopCol (stockholm, Sweden)			
PrevANZ trail			
PROFILE	PROFILE (PRedicting Outcommes For Crohn's disease using a moLecular biomarker)		
Radar Cohort			
Recodid			
Relapse CHL Study (study name)			
ROBUST Clinical Trail			
RODAM Study			
Schizophreia Exome Sequencing Meta-analysis consortium			
SCHEMA	Schizophreia Exome Sequencing Meta-analysis consortium (SCHEMA)		
STRAT-PARK initative			
Stroke Investigative Research and Education Network (SIREN)			
Sys4MS Cohort			
T Lymphoblastic Leukemia/Lymphoma: Atlas of Blood Cancer Genomes			
TARGET cohort			
The Cancer Genome Atlas (TCGA) Data Portal (but this was taken from the paper)			
ECCO-GEN	The Egyptian Collaborative Cardiac Genomics Project (ECCO-GEN)		
The European BestAgeing miRNA study		The European BestAgeing miRNA study	
The Pregnancy Outcome Prediction Study			
POPs2	The Pregnancy Outcome Prediction Study (POPs2)		
The PROMPT project	The PROMPT project		
Therapeutically Applicable Research to Generate Effective Treatments			
TheTumour PRofiler Study	TARGET		
TRACERx	TRAcking Cancer Evolution through therapy		
TransplantLines			
UK Heamtological Malignancy Research Network			
UPTIDER	UPTIDER - monocentric post-mortem tissue donation program		
UW Cohort			
Vietnam Rotavirus Vaccine Perturbation Study			
WCDT	West Coast Dream Team Cohort		
